-- phpMyAdmin SQL Dump
-- version 5.2.1
-- https://www.phpmyadmin.net/
--
-- Host: localhost
-- Generation Time: Dec 16, 2025 at 10:35 AM
-- Server version: 10.4.32-MariaDB
-- PHP Version: 8.2.12

SET SQL_MODE = "NO_AUTO_VALUE_ON_ZERO";
START TRANSACTION;
SET time_zone = "+00:00";


/*!40101 SET @OLD_CHARACTER_SET_CLIENT=@@CHARACTER_SET_CLIENT */;
/*!40101 SET @OLD_CHARACTER_SET_RESULTS=@@CHARACTER_SET_RESULTS */;
/*!40101 SET @OLD_COLLATION_CONNECTION=@@COLLATION_CONNECTION */;
/*!40101 SET NAMES utf8mb4 */;

--
-- Database: `TechZone`
--

-- --------------------------------------------------------

--
-- Table structure for table `Address`
--

CREATE TABLE `Address` (
  `address_id` int(11) NOT NULL,
  `ad_street_address` varchar(255) NOT NULL,
  `ad_city` varchar(50) NOT NULL,
  `ad_zip_code` varchar(20) NOT NULL,
  `ad_country` varchar(50) NOT NULL,
  `client_id` int(11) NOT NULL
) ENGINE=InnoDB DEFAULT CHARSET=utf8mb4 COLLATE=utf8mb4_general_ci;

-- --------------------------------------------------------

--
-- Table structure for table `Article_Commande`
--

CREATE TABLE `Article_Commande` (
  `order_id` int(11) NOT NULL,
  `product_id` int(11) NOT NULL,
  `cd_quantity` int(11) NOT NULL,
  `cd_price` decimal(10,2) NOT NULL
) ENGINE=InnoDB DEFAULT CHARSET=utf8mb4 COLLATE=utf8mb4_general_ci;

-- --------------------------------------------------------

--
-- Table structure for table `Article_Panier`
--

CREATE TABLE `Article_Panier` (
  `client_id` int(11) NOT NULL,
  `product_id` int(11) NOT NULL,
  `cart_quantity` int(11) NOT NULL
) ;

--
-- Dumping data for table `Article_Panier`
--

INSERT INTO `Article_Panier` (`client_id`, `product_id`, `cart_quantity`) VALUES
(1, 3, 7),
(1, 5, 10);

-- --------------------------------------------------------

--
-- Table structure for table `Article_Souhaits`
--

CREATE TABLE `Article_Souhaits` (
  `client_id` int(11) NOT NULL,
  `product_id` int(11) NOT NULL
) ENGINE=InnoDB DEFAULT CHARSET=utf8mb4 COLLATE=utf8mb4_general_ci;

--
-- Dumping data for table `Article_Souhaits`
--

INSERT INTO `Article_Souhaits` (`client_id`, `product_id`) VALUES
(1, 1),
(1, 3);

-- --------------------------------------------------------

--
-- Table structure for table `Avis`
--

CREATE TABLE `Avis` (
  `review_id` int(11) NOT NULL,
  `rev_rating` int(11) NOT NULL,
  `rev_comment` text DEFAULT NULL,
  `rev_created_at` timestamp NOT NULL DEFAULT current_timestamp(),
  `client_id` int(11) NOT NULL,
  `product_id` int(11) NOT NULL
) ;

--
-- Dumping data for table `Avis`
--

INSERT INTO `Avis` (`review_id`, `rev_rating`, `rev_comment`, `rev_created_at`, `client_id`, `product_id`) VALUES
(2, 2, 'd', '2025-12-16 07:07:20', 1, 1),
(3, 4, 'e', '2025-12-16 07:07:33', 1, 1),
(4, 5, 'q', '2025-12-16 07:07:39', 1, 1),
(5, 1, 'q', '2025-12-16 07:08:25', 1, 1),
(6, 2, 'qqa', '2025-12-16 07:14:56', 1, 1),
(7, 5, 'cccccccccccccccccccc', '2025-12-16 07:15:11', 1, 1),
(8, 4, 'kkkkkkk', '2025-12-16 07:15:27', 1, 1),
(9, 5, 'wwww', '2025-12-16 08:26:17', 1, 5),
(10, 2, 'q', '2025-12-16 08:55:00', 1, 3),
(11, 2, 'ooooo', '2025-12-16 09:14:59', 1, 5);

-- --------------------------------------------------------

--
-- Table structure for table `Categorie`
--

CREATE TABLE `Categorie` (
  `category_id` int(11) NOT NULL,
  `cat_name` varchar(50) NOT NULL,
  `cat_description` text DEFAULT NULL
) ENGINE=InnoDB DEFAULT CHARSET=utf8mb4 COLLATE=utf8mb4_general_ci;

--
-- Dumping data for table `Categorie`
--

INSERT INTO `Categorie` (`category_id`, `cat_name`, `cat_description`) VALUES
(1, 'Laptops & PCs', 'High-performance computing devices and accessories.'),
(2, 'Peripherals', 'External devices like keyboards, mice, and monitors.'),
(3, 'Wearables', 'Smart watches, fitness trackers, and other body-worn tech.');

-- --------------------------------------------------------

--
-- Table structure for table `CLIENT`
--

CREATE TABLE `CLIENT` (
  `client_id` int(11) NOT NULL,
  `cl_username` varchar(50) NOT NULL,
  `cl_email` varchar(100) NOT NULL,
  `cl_pass_word` varchar(255) NOT NULL,
  `cl_first_name` varchar(50) DEFAULT NULL,
  `cl_last_name` varchar(50) DEFAULT NULL,
  `cl_phone_number` varchar(20) DEFAULT NULL,
  `cl_created_at` timestamp NOT NULL DEFAULT current_timestamp(),
  `default_address_id` int(11) DEFAULT NULL
) ENGINE=InnoDB DEFAULT CHARSET=utf8mb4 COLLATE=utf8mb4_general_ci;

--
-- Dumping data for table `CLIENT`
--

INSERT INTO `CLIENT` (`client_id`, `cl_username`, `cl_email`, `cl_pass_word`, `cl_first_name`, `cl_last_name`, `cl_phone_number`, `cl_created_at`, `default_address_id`) VALUES
(1, 'ilyes belkahia', 'ilyesbelkahia@gmail.com', '$2y$10$ReO4TLIxVQWDdO6Gk2KtGetB8Lg04lT2jro/w.yft4NRPDSnxXTrS', 'ilyes', 'belkahia', '54544545', '2025-11-30 17:35:08', NULL),
(2, 'ilyes belkahi', 'bennor@gmail.com', '$2y$10$QuT7HJBdgIrXpz4ZwgSMQ.6JriXuy7slS7fiTgDuVREHSSt5Icjb6', 'ilyes', 'belkahia', '44', '2025-11-30 17:37:09', NULL),
(3, 'd', 'dfsdfdsf@gmail.com', '$2y$10$ul8L0tMDX0A1GQadE05qceOrtSuOr..LlQeJeMyzlfTVwfrseUVBa', 'd', 'd', '7', '2025-11-30 17:38:32', NULL),
(4, 'p', 'benor@gmail.com', '$2y$10$BCheN8K.E1Y3SHRU50GAKujk4yXLPTi6FdcLY51w8aPjXZXVIpIvu', 'p', 'p', '7', '2025-11-30 17:39:25', NULL),
(5, 'eya geusmi', 'eyageusmi@gmail.com', '$2y$10$8c/f1R5bOWFE9zECnx0gyeCjKSNIlE7DORXbDrbxC8YMl8HB9Bhpq', 'eya', 'geusmi', '111111111', '2025-12-16 09:12:11', NULL);

-- --------------------------------------------------------

--
-- Table structure for table `Commande`
--

CREATE TABLE `Commande` (
  `order_id` int(11) NOT NULL,
  `client_id` int(11) NOT NULL,
  `order_date` timestamp NOT NULL DEFAULT current_timestamp(),
  `order_status` varchar(50) DEFAULT 'Pending',
  `address_id` int(11) NOT NULL
) ENGINE=InnoDB DEFAULT CHARSET=utf8mb4 COLLATE=utf8mb4_general_ci;

-- --------------------------------------------------------

--
-- Table structure for table `Fabricant`
--

CREATE TABLE `Fabricant` (
  `manufacturer_id` int(11) NOT NULL,
  `fab_name` varchar(50) NOT NULL
) ENGINE=InnoDB DEFAULT CHARSET=utf8mb4 COLLATE=utf8mb4_general_ci;

--
-- Dumping data for table `Fabricant`
--

INSERT INTO `Fabricant` (`manufacturer_id`, `fab_name`) VALUES
(302, 'Apex Gaming'),
(101, 'TechCorp Electronics');

-- --------------------------------------------------------

--
-- Table structure for table `Historique_De_Recherche`
--

CREATE TABLE `Historique_De_Recherche` (
  `search_id` int(11) NOT NULL,
  `search_text` text NOT NULL,
  `search_date` timestamp NOT NULL DEFAULT current_timestamp(),
  `client_id` int(11) NOT NULL,
  `tag_id` int(11) DEFAULT NULL,
  `category_id` int(11) DEFAULT NULL
) ENGINE=InnoDB DEFAULT CHARSET=utf8mb4 COLLATE=utf8mb4_general_ci;

-- --------------------------------------------------------

--
-- Table structure for table `Offre`
--

CREATE TABLE `Offre` (
  `deal_id` int(11) NOT NULL,
  `off_discount_amount` decimal(10,2) NOT NULL,
  `off_start_date` timestamp NOT NULL DEFAULT current_timestamp() ON UPDATE current_timestamp(),
  `off_end_date` timestamp NOT NULL DEFAULT '0000-00-00 00:00:00',
  `product_id` int(11) NOT NULL
) ;

--
-- Dumping data for table `Offre`
--

INSERT INTO `Offre` (`deal_id`, `off_discount_amount`, `off_start_date`, `off_end_date`, `product_id`) VALUES
(1, 200.00, '2025-11-30 23:00:00', '2025-12-30 23:00:00', 1),
(3, 25.00, '2025-11-30 23:00:00', '2026-01-30 23:00:00', 3),
(4, 100.00, '2025-11-30 23:00:00', '2025-12-06 23:00:00', 4),
(5, 13.50, '2025-11-30 23:00:00', '2026-02-27 23:00:00', 5);

-- --------------------------------------------------------

--
-- Table structure for table `Produit`
--

CREATE TABLE `Produit` (
  `product_id` int(11) NOT NULL,
  `prd_name` varchar(50) NOT NULL,
  `prd_description` text DEFAULT NULL,
  `prd_price` decimal(10,2) NOT NULL,
  `prd_image_url` text NOT NULL,
  `prd_added_at` timestamp NOT NULL DEFAULT current_timestamp(),
  `manufacturer_id` int(11) NOT NULL,
  `category_id` int(11) NOT NULL,
  `prd_stock` int(11) NOT NULL DEFAULT 0
) ;

--
-- Dumping data for table `Produit`
--

INSERT INTO `Produit` (`product_id`, `prd_name`, `prd_description`, `prd_price`, `prd_image_url`, `prd_added_at`, `manufacturer_id`, `category_id`, `prd_stock`) VALUES
(1, 'UltraBook Pro X1', 'The latest generation of our flagship ultra-portable laptop. Features 32GB RAM and 1TB SSD. Perfect for professional use.', 1899.99, 'data:image/jpeg;base64,/9j/4AAQSkZJRgABAQAAAQABAAD/2wCEAAkGBxITEhUSEBMVFRAXFxUXFRYVFRUWFRYVFRUXFhUWFRYYHiggGBolGxUVITEhJSkrLi4uFx8zODMtNygtLisBCgoKDg0OGxAQGy0lHyYtLS0tLy0uLi0rLzEtNS0tLS0tKy0tLS0tLS4tLTcrLSsrLS0rKy0tLS0tLS0tLS0tLf/AABEIAMMBAgMBIgACEQEDEQH/xAAcAAABBQEBAQAAAAAAAAAAAAAAAQIDBAYFBwj/xABOEAABAwEEAwsHCAYKAgMAAAABAAIRAwQSITEFQVEGEyJSVGFxkZLR0gcXMoGTobEUFiMlU3KysyRCgqLB8AgzNDVic3SjwuEVg0Rjw//EABoBAQACAwEAAAAAAAAAAAAAAAABAwIEBQb/xAA1EQACAQICBgcHBAMAAAAAAAAAAQIDEQQhEjFRUqHhBRMVQWFxkRQiQlOBwfAWMjPRBiOx/9oADAMBAAIRAxEAPwD3FCEIAWO8qukatCxXqD3U3OqsaXNMOukOJAIxGQyWxWF8sf8Ad4/zqfwegPJfnJbOV2j29TxJPnLbeWWj29TxLU2Km3e2YD0G6hxQpd6bxR1BdaPRTavpcOZ5qf8AkSjJrq+PIyB3TW3llo9vU8Sad01t5ZaPb1PEtjvLeKOoJN5bxW9QU9kve4czH9SR+Xx5GNO6e28stHt6niQd1Ft5ZaPb1PEtjvTeKOoINJvFHUFPZL3+HMn9Rx+Xx5GMO6i3cstHt6niTTupt3LLR7ep4lszRbxR1BNNFvFHUE7Je/w5k/qOPy+PIxp3VW7llo9vU8Sad1Vu5baPb1O9bI0W8UdQTTSbxR1BOyXv8OZP6hXy+PIxvzqt3LbT7ep3pDurt3LbT7ep3rYGk3ijqCaaLeKOoKeyHv8ADmZL/IF8vjyMg7dZbtVttPt6nej52W7ltp9vU71qzSbxR1BMNJvFHUE7Ie/w5mfbyfwceRlDutt/LbT7ep3pp3XW/ltp9vU71qHUm7B1BRupN2DqCnsd7/DmZrptP4OPIzPzut/LbT7ep3pp3X6Q5bafb1O9aN1MbB1BQuYNg6gnYz3+HMzXS6fwceRwDuv0hy60+3qd6PnhpDl1p9vU712nMGwdQUTmjYOpT2M9/hzM10on8PHkck7sNIcutPt6nek+eGkOXWn29TvXScBsHUo3AbB1J2K9/hzLF0in8PHkUPnhpHl1p9vU70fPDSPLrT7ep3q25o2DqUbmjYE7Ge/w5mSx9/h4nr/kK03abTZ7QLTVfV3uq0MdUN5wDmAkXjiRPxXpq8l/o7N/RrUf/vaOqk3vXrS4h0AQhCAEIQgBCEIAWH8sQ+r/AP3U/wDktwsT5Xx9XO5qlL8UfxQHlVn3V02saDSfgA2cIkCP4J/zwpfZP62rImoYuybszGqdsLuHR1A2RtU1Xb9AF0uaWj6Qgi7F6IMrtwxFVrJnl6vR+G0rta3tZ0vnhS+yf1t70fPCl9m/rb3rLGgz7Vp/Zqc21vT1KGqwAwHB3OAR6sQE9rqbQ+i8Ps4mu+d9L7N/W3vR876X2dT93vWOXY3O0L7n8J7YAPAcW6znGazhiK0paKZhPAYWEXKSdvNnY+d9L7N/W3vSfO6l9nU6296dV0SxwhzqhGcF5IlV2aAokkcPAiOFzA7FfbE7Ua2hge5P8+pKd11L7N/7vemndZS+zqfu96fV3LU2+myo3EjhSMRmMQqbtCUbhN5wdeIjOGh0XufDUNihvEJXuiyFHCSdlF8Sf510vs3/ALveuvYrSKrG1GggOnA54Ej+Czb9E0Ifwn4ehIguwzIOQn4ru7m/7NT6D+IphcRKpUcJdxjjsLTo004pp37y2Qo3BWHBRuYuicyLK7gonKw5qheFlYviys9QvVh4VeoFlY2oMgeVE4qV6hcsrGxEicVGVI5RlLF6GOTCnFMdksHqLYnq39Hcfodp/wBT/wDjSXqy8q/o7j9CtH+pP5NJeqrw56AEIQgBCEIAQhCAFi/K9/dtT79L8wLaLG+VwfVlX79L8xqA+ef+12BufrGzC1gN3n0czeLr0ZRE4jWuQVraVWn/AOMLTUqX5m5edc/rM7kRMY5rqU43X0OJVloy+pmH2OoASabwBmbpga81XhWKopwbr3k6gWADnxvH4KBYksRd/cjTLnvDRJuj4rgrtbmWAufPFHxV+H/lRr4q3VSubm06TBoChvIBaGi9fJ4TTwnBsQHGIJC5tjY4vJaCYc0+4dykOiHCnvt36PD9bEAmGktmQCcJVKnQBc4RrGs7AunFRStG2vPPvORJybvO+pWytkd3TWkDUDWEOEGeEZ1EZzz+5cGztwng+m7ndmdWxWa+jywS5pGMZ69maq0LO05DGXZEz6RWDoxlDQVrZ3+5sUsT1dR1JJ6Stbwa1PxFtrHOvmRwmweCJgA5bM0u5v8As1PoP4in2uxljeE1zbzbzZvCWmYI5sEzc1/ZqfQfxFRQpQpOMYLJJ+OwnpDH18XSvWldpruS1p7DouTCnFMcVvI5CGpjmhOKN5fxT8FYmixIrOpKvUoldI2d3N1qQWM6yFlpxRdGUkZ+pSUD2LU/IGa5PuXI0tQax8NECB7ws4TjJ2NmnVbyOM8KJysVVXck1Y3YMjKjfkehSFRVMj0H4Kiepl8dZ63/AEeW/oFc7bU78mivUl5h/R7H1dV/1VT8qivT14c9ACEIQAhCEAIQhACyHlYH1XX6aX5zFr1kfKv/AHXaP/V+cxAfO3/fxXeZulqtsXyO63eTegyZ/rA+YyzAzGUrgHvUzX097gtdvt8G8HQLl2C0t1mcZXShqRx5q8mFW0Fwgho6GNB6wJUKsudR1NqdpvhUNUtk3QQ3UCZPrIARGLGLt7lS3fH3nNaLubjAzXEV7RVk3xxF1roE8Jzm64/VVtJtTTirsqqxjKDUnZHoDtKzRFA1qVwZcN4MXr0ETdzOZE865lCoy876WmIIgl2Bw1YLO1dz9QmRcaNl5x95C5dvsppOuPgmAcMsVt9bUgv2WzNONCnUdlO7sb612wOzq0jiPRgEwCATgNp61BYbSGw9tVjXNc4jhYyHGF5/fC6Vm0LUqMD2lkESJJn4JGvN5KBM8JCHvSnY12kNI7659SpUDnumSXDZkNg5lBucP6NT6D+IrNO3P1RjLOs9y0m5w/o1Pod+Iq6jKTqJONsv6NXFU4RotxlpXkr8TouKjc5K4qJxW+jnxQ5rsR0hdNzlxhMjpC6LnO5vekkXwQ+q/D1j4hSB6p1C6NWY1naE6Xc3WVGiW6JdDws/p130p6G/BdSXc3We5cPTLjvhnY3LoVlFWncypw9451QqBykeVEVnJ3N+CI3KKt6J6D8FK5Q1/Rd0H4Kmp+1+RfDWex/0fm/VjzttNX8FMfwXpi848gY+qumvW/4j+C9HXiD0AIQhACEIQAhCEALJ+VNs6LtPRTPVVYtYsv5Th9V2r7jfzGID5v8A+/iunRsbHUC91Qh4vXWRsIzOoGT1FUGUXFpcGktaeEQDAk4SdS6Nl0FWqWd1oaGikybzi8Ak8UNOZwOAW+k5RVmcaqmpPzOfWo3cnNd90kx0yAooVg2Op9m/su7lHUplphwIOwgg+9ZkMjhdrcv/AFj/ALn/ACC4y7G5Z7hVcWkA3Nbbw9IaldQ/kRr4nOlI9CrULJ8mlr/p7jCBOJqEgPaRGQErzTdX/XfsD4uWyca4aHG6GnI7zwTqzyK5Fr0ealRz3PAMAYU2kZk5OmFvdXJRaTbu75tehp0a1ONRSdkkrZJ+pw90T7ITT+Stum79LF64XYQW3jIccSQMMo1xotzbmilSvZXXDKcTeAJEjAGD6lSdoWZG+ZiDFOmMPUF1tDWCsKJ3osNOnem8xpMNOJxOOpUOosKr1ck8tp0lRl0i9DD2bWbvl4d9tpY0uKYAuOa7guvFogcxjV/0ufub/s1PoP4irG8V32Y1iWb0MDDADJiBgf8AEFW3Nu/RqfQ78RW5SknNeT+xx8TBxpu+1fc6LlEU9z1G6ot5WNCKBjcR0hdItXJNUoNqfxj68Ukrl0bo6VVuHrHxCdA2rlG1u5upPFu2j3rGzLTpyFndNn6V3Q34BdD/AMgzXIXI0pWDqhLTIw9wCyjky6lH3ii5RlPcVGVLN1DHFQ2g8B3QfgpnKC1eg77p+Cqq/sfky+nrR7Z5Bh9VN/zq34l6KvPvIU36pp89Wuf9wj+C9BXijvAhCEAIQhACEIQAsx5Tf7rtX3B+Nq06zflIE6Mtf+UT1EH+CA+dbO+oKTw1xFInhtkweEIka8bvVzKelb67aBpMe7eSSXMDcJjO9HT0KpRpAsc4vAIyaZl2OrrWn0HYqr7BXey5vbQ8vn04AB4Pu/nPdvNRWgrvLwONiH7z8zLb47jHrKQunMz0q9UFSCSylABmBSmDrEGZXPKtRDQhXZ3LNJquAEm4cvvNXGUlntL2GWOLTlI2KynPQmpFVWGnBx2np4tbd5LBZnb6Rd3y8+IxB4EfxzAOpcSm0lzoBOAyExmsmdMWj7V/WoxpWuMRUcCdi244unHUn+fU1JYKpLW1qt+ZHpe6DTLq7GN3osu4uMDO6GwIaIbgevmXEsdkc6nUeKoaGEy0loc6XkcEEcJY52mLR9q/rUP/AJSt9o73dyplVoSgoOGS+v3NujHE0pupCpZtWunb/hr6VkrfInVxXimHFu9QeEQWicMNYxOxM3OH9Gp/tfiKxbrU/jH3LY7nT+js/a/EVj0X1vWy6yV9dvBZZczDpVQ6mOirO+fjrOi4qMlK5yic5d44cUBKjc9I4qJym5dGIrqqgfUKc5RFTcvhFDHFRPUjlE5Ll8UMcmFPcoyoLkMKgtfoO+6fgpyq9t9B33T8FXWf+uXky+n+5eZ7r5Dh9UUfv1/znrfLB+RAfU9D79f8963i8Wd0EIQgBCEIAQhCAFnfKJ/dls/yKnwWiWe8oY+rLZ/p6v4SgPmyhcuOvXr+FyIu543l3NFW+zNstSnUnfzfuQDGLQG5c8qho3RVapTLmUrzTMOvAXYJBMdPwWt0Z5N7XUsxdUDmvxdSph1Mh4LQWuLr3BnLuzXQpTslmcivTcpPJ6+4xU0uLU7TfCoKpbPBmOeJ9y1lXyaaUGVnvdFSnh0y4KPzb6V5KfaUfGoUo7Q6c9nAyiRaw+TjSvJT7Wj40h8m+leSn2tHxqdOO0KnLYzJFNJXb07uUttkY19qommxzrjTfpul0ExDXE5Arh3TMQZ2QZ6lF0ydFoaSmlKGkzAJjOAcBz7Ehpui9dN3K9BuzsnJQ2ZpDCtrueP6Oz9r8RWLfTcACWkB3okggHoOtaXQ2l6LKLWPdDhMiHHNxOoLcwM4xqNydsjT6QpynSSir5/2d1yjcqB09Z+P+67uTHacs/H/AHXdy6/tFLeXqclYaruv0LzlE5Uzpuhx/wB13co3aZocf3O7k9opby9S6OHq7r9C24qNyqO0xQ4/ud3Jh0tR4/ud3J7RS3l6lsaFTdfoWnKNyqu0rR4/ud3KM6Upcb3HuT2ilvL1LlRqbr9C05MKrHSdLje49yadIU9uWeDsNWOHOOtPaKW8vUtVKexlgqvbf6t3QU42gReh92Jm4+I2zGSr2q1NLCBOIMYEAxsJVdavTdOVpLU+8tp056SyPoLyLtjQ9m6ax/36i26xfkcH1PZeir+dUW0XkjtAhCEAIQhACEIQAuFu8E6Ntn+mre6m5d1cTdv/AHdbP9NX/KcgPnTRW6+tZqRoUw24ZvSCbwJLoPWtXZfKvawxrRZ7MQGNZLt8vFrRhPCw2rzZzGnP4qXfiNY9ym7Isr3PQh5XLSI/RbLhlhV6eMkPlctPJbLsyq5dped3gklQSemeem28ns/+54keem28ns/+74l5mSklAbDdb5Q7Tb6dOnVp0qe91BUa6nfm8GkCbxIjhLLMt1RrzUa6HmZMDXzRAyVclJKyUmjFwi3dkjLQ5t4A+kIP89anGl64oGzCofk5N4shsTIdMxOYGtUiUhKObeshU4rUjp6R09Xr0aVCq4GlRAFMBrQRDGsEkYngtAxXLRKJRTa1E6EX3CFIlJSSp05bSNCOwEiCUkp1kto0I7AhIQllISnWS2k6EdgNMGRIKsWe31WXN7e5ppuvMIgFrtoMTrVaUSnWS2jQjsJatpe5znOcS5zr7iYkvkm8TtklK611Dflx4cX8uFGQJjLAYcyhlJKacidFFl1tOIus7OrmUQe6NoAIGWsR0nBRkpFGmxZH1F5Imxoiyfceeuo9bBZLyTj6osf+V/zctasSQQhCAEIQgBCEIAWG8rOlLlkdZmnh1muDuamPS6zh0Stw9wAJJgASTsAXhW63SxtNepV/VPBYNjG4N68/WgPK6rIMHb7tavNsoaLzXA4YiGOInHJwiehJvd6q5wi6DdxMDCZx6UWljccSXfsxPSEBFXc0lt6ZxAhtNvOcgNibWs9NoDiXY6hEjGIKWgWNbddMkjFsHKdRPOOpPtVmDXNhzXNzwOOeuBhl70A35Iy7el2cRhPT0IoWem4XgXDCcYx6OdWqj21nOdeuu/xkNbhgADiq9mqtYx7XybxHCbjljkY1ygG0KDHGAXDGJN2BhKY5tMGOHP7P86lJa7OAW3XNIgEwZOOoxkc1Yc6nVecbpw9KA3ANaBOJ58tqArVqFNrbxLiInCJHSnCzMu3pd0YT/PciyVGsY8PnhXcRqxnIqO0UgQ0sIgyYPpDpEQOtAPs1mpvBN4iBOMcLmEA4plKjTc67LxjEm7AwnFT1HUnPhstJj0jwRhGLiSYUVmeGioHei4fqicnXtcICOpSpgwb8/s7YTqlnphodLteAuyI2pK9IFsscInIkXtY9EKeu+m5zYlpIa3E8HARJcSSAgIW2ZhF6XdHBnpATaNCm7IvGed3UYS2O6C6+CQ5pAjMGZB1TqSPptc0ljgI1OIDjhqAzz2oAp0KZddl45zdgYTjCbWo02mDf9V2FNWdTIbgQ6GtOV0kYTMyOpR0mNa83iHNy4PCHSLwEoAfZacTeceYDH3gBNZZqZEgv6IE93vSVGtIN2cM5wMSBkOka1JUewtbM3mtgwBB17f4IBlKzUjPCcInMbOgFIGMBwvz91hw6D0JG0xe4U3SJwz5s+eQpmCnPBvSBOLWH3GQUArrMwiS+MMrsHowbCpikC6BMc8T7ld30ag32dIf8UNEEVCMARejYczAAA9WxAe+eR3SUWcWRx9AXqfQfSaOgmfWV6MvBtz9udRfTqszaQekax0ESPWvc7FaW1abajDLXAOHQUBMhCEAIQhACEJCUBkfKTpjebPvLT9JWkdFMemfXgPWV4vpm1XKRI9I8Fn3nYDv9S0u67THyq0vqA/RjgU/uNyPrMn1rG2qate60gCkMziN9eMJHMPigKlGztYAIdeGBM3ZidoIKHE6o5pfT8OK6lZlQ4F2HM4xHQuPTNN4kTGqXNEjaMEBStzTg4kOdkIMwJk5K0HlzGtF0O1m82XTkIiR6k19wandodyr2QE1ZZIJcGth10gzA4ZwGM486ALISypEcEZg4AkaiSMP+k+3MLgXQCBMBpDonIcH4lTaYsppEh4ioW3pvseOFMGWSJ5pUNk4NOC43Tm1r4mMrzdaAks9cmnBu3p9Iua0gYYQc8j2uZViHU3iBnnhgQSNZ9eKZaYJAbljnidmrpVyu77QVL3+M94lAFqaXkngxMhrXTHqGJTNH1zDmuAIjgyQy7nrIx1YKCzktfelwz9E3SJwwPQlr3SCGg47SD8AgJ6Fje9x3st3wY4uBmcOdPtTS7g4YGDD28IwBg0c8n9qNSip1/oxTeXFoJIAuxJJOsT+sdetV6npAiREa8cwc9WSjO5m3HRsln+dxLZnua+5HAmSDDQTgSLzgY1pKtEjhek4cXhY6vRyxT61YOxN8uwEudOWQmJUViqlhJvPE/ZuLTmTjtzUmBMKpfTxuh0mXXg0kSY4OHNiNihp1DTLQ0S0kSIwIBA9Ij3hMrkRwQQOc9ymplpptmZGoPH4TkgG1qBnEg7IcHHqb3JaNV7w4OIBERMNOeInDn9ygmHtOQkZGD16s1btNADEdReJx1xEkICtwmSWZ5EgXhrME4hSVqZcA4lsEDAOAx52zMpljDeE1/MfSDebXP8ym12Zgdcz1QgHMrPJDLwDYgEgACNUxKlp0HNdeDm3tt4HPpVuyaMv02vDHYjUTjn/hOzbrUFWiGODHNe1xEwSMpPNzFAOBcTwiCNcR8QFapMpn9WoTjx3ZjULoCa2zRF2DInAnA8Uy0Y+5dPQ5qvYCx7WNkgXr8YEg4Do96Atbnqxumk706Ru9Lf1D1Yepes+TTS8h1mecRL6fQfTb14+srx6uDRrMqOex17gVbgIADid7dBJOBwnnK02i7e6jVZVZ6THA9I1joIketAe7oUFitTatNtRhlj2hw6Cp0AIQhACynlG0zvFlLGmKtaWN2hscN3UY/aWrXh27nTXym1vc0zSZ9HT2Q04u9Zk9EIDhEqkbHTAMXg68XSHGZdnPMrJKiqFAULaTBbffdOByB6wuTJZ6OWwgHm1rq2lcysEBG61u5vU1o+AUFFxb6PvAPxTnBNIQC1qpdgYjPAAD3J1K0uaIERztB+IUcJIQC3iXXtY6sObJWDbKmwdkdyZRrOAADnAbA4jPFP8AlL+O/tO71GZmtDvuHyt+wdgdyQ2x+wdkdyX5TU47+07vSG0P47+07vTMe54h8rfsHZb3JDbH7B2R3I39/Hd2nJPlD+O7tFSYIX5U/YOyO5Hyp+wdkdyT5VU47+07vSfKan2j+07vUZmfueIlWu9wIIwOwQm0rQ5ougCOdoJxxzIT/lVTjv7Tu9QveSZcSTtJJPvU5kPR7htQkmT/ADryU9W2vdnGGAwExslQhJCGItKoWm8M8scfinVKpdn+7wfgmwiEAU3wC0taZIMlrbwicA6JAxOAMJ0nC6AIM59fuSAKRoQFunanwBdbgSZ1mdrokhXtHGo0khrIdBgzAPN6o6lRs7V17IEB0arXVmb3V3ptMgg3GODjgYx2yZkzkrFkDgxoeQXgAEjIka/Xmo7GwvIawXnbBGydZ5lNkYIIOsEQR0goD0jyYaZkOsrziJfT6D6bR0HH1lb9eB6Lt7qFVlZnpMcD0jIj1iR617rYbU2rTZVYZY9ocOgietAToQhAZnyg6a+TWR10xVq/Rs2ifSd6mz6yF4jK0vlH04K9sey9wKM0mgn9YH6QxznDoaFld+btHWEBISonlBqt2jrCjdUG0daAr11zqwXQquG0KnUagKTgmQrDmHYmGmdh6kBCkcMFNvZ2HqSGkdh6kA0BEKS4dh6kXDsPUgI4SKW4dh6kXOY9SAihIpbnMepG9nYepARQkhTb2dh6km9nYepARQmxip97Ow9SQ0jsPUgIrqLql3s7Cl3s7EBDCW6pd7OxG9nYgIwFIxqcKZ2KRjUA4EjJs/w9WZ9Smp2pxI4JjYDMnXiI6tSdRhXqDmjWOsIDTUNOOuCA4P2yIyjHjCCcDtwIUFrtr6hBfGGQAAAwg459ZXMZWbxm9YUotDOM3tBAWJXpHks0zLXWV5xbL6f3T6bfUcfWV5gLQzjN7QVvRWlxQrMrMe28xwPpDEfrA8xEj1oD6FQoLJam1GMqN9F7Wub0OAI9xQgOFpbcLo20VHVq9lY+q6Lzpc0uIESbpEmAMVR82WieRt7dXxpEIAPky0TyNvbq+NJ5stE8jb26vjQhAHmy0TyNvbq+NHmy0TyNvbq+NCEAebLRPI29ur40ebLRPI29ur40IQDh5MtE8jb7St40nmz0TyNvbq+NIhAL5stE8jb26vjR5stE8jb26vjSIQC+bLRPI29ur40ebPRPI29ur40iEAvmz0TyNvbq+NHmz0TyNvbq+NCEAebLRPI29ur40ebPRPI29ur40iEAvmy0TyNvbq+NHmy0TyNvbq+NIhAHmy0TyNvbq+NL5stE8jb26vjQhAHmz0TyNvbq+NHmz0TyNvbq+NCEAvmy0TyNvbq+NHmz0TyNvbq+NCEAebPRPI29ur40nmy0TyNvbq+NCEAebLRPI29ur40o8mWieRs7dXxoQgDzZaJ5Gzt1fGpGeTXRI/8Ah0/W6oR1F2KEIDWsaAAAIAwAGQA1IQhAf//Z', '2025-11-29 16:13:18', 101, 1, 14),
(3, 'Ergo Mechanical Keyboard', NULL, 125.00, 'data:image/jpeg;base64,/9j/4AAQSkZJRgABAQAAAQABAAD/2wCEAAkGBxISEBIQExIWFRUWFhcVFRcQFRUVFRUVFRUWFhYWFRUYHSghGRolHRYVIzEhJSwtLi4uFx8zODMtNygtLjcBCgoKDg0OFxAQFSsdHR0tLS0tLS0tLSstLSstKysrLS0tLS0tLS0tKy0tLS0tLS0rKysrKy0tLS0tLTcrLS0tLf/AABEIAMIBBAMBIgACEQEDEQH/xAAcAAEAAgMBAQEAAAAAAAAAAAAABQYDBAcCAQj/xABCEAACAQIDBQUFBAkCBgMAAAABAgADEQQSIQUGMUFhEyJRcYEHMlKRoRQjQrEzYnKCkqLB0fBzshZDU5PS4SREY//EABcBAQEBAQAAAAAAAAAAAAAAAAABAgP/xAAdEQEBAQADAQEBAQAAAAAAAAAAARECITESUUEi/9oADAMBAAIRAxEAPwDuMREBERAREQEREBERAREre2t+cBhX7KpXDVeHZ0Vaq9/AhAcp6G0CySp7W25WwWNXtyGwVfKiVMoH2at8NUjij8mPA6TAfaXgl1qU8VSX4quFqhfoDJFcbgtp4epTSpTr0nXK4U94A8CVPeQjQgkDUQLCpn2UzcnadSjUfZOKYmtRF6FRv/sYb8DA83Ud0jpzsTLnAREQEREBERAREQEREBERAREQEREBERAREQEREBERAREQERECmb84+vUq4bZeHc03xJY1aq+9Sw6C7lfBm1APS2l7ye3f3cw2Cpinh6Sp8TWvUc+LvxY/4LSu7bPZbf2fVb3a1CrhweQdSag+dwJd4CVXeHcijWb7Rhz9lxa6pXoALc+FVRo6nnfX8paogcwr1K+PptSZRR2vs9hUTL7tThqh506gsCOAJW+mku+6e3kxuFSuoytqlVDxp1V99CDqLHx5ESA9o2Eaj2O16K3q4UjtQvGrhWNqiHyvcX4XYzWweJXCbUSqh/8Ai7TVXUj3VxIFwemdWHmT0gdAiAYgIiICIiAiIgIiICIiAiIgIiICIiAiIgIiICIiAiIgIiIFU9pOy3rYI1aX6fDOuJo2FzmpakAc+7ew5kCTW721kxeFo4lOFRQbfC3BlPUMCPSSM5/uxVGztpV9mMbUK5+0YO/AFv0lEeoNh+r4tA6BERAx4igtRGpuAVdSrA8CrCxB9DOW7O2Y9fZuM2SSftGBqn7O17N3SamHcHlfvL0BE6tOSb1V6uF22+Kw5QZqVMVQ5zB+TAqNVbKlPnyBgXzc7b64zB0q4IzFQtVeaVVFnUjlrqOhEnQ04hsfaVTCYivWoNlStUeoaLC9LvFiotxuubipF7C+mkksbv7jURql1souRTpqTbn7xlxPqOvxOK7J9qOOqdoVSk+QFiHAVsgFyQARc8dB4SQwvtezMEFAO3D7suNb2tYgm9zwF5FdaicwT2roeFKn+9Xt8wU0M9v7S6nKlSH7VUn+glxNdMichqe1Oq18r0Of6NHci3HXMR9JoY32g4iwLYoqGtYIqKTfwsub6xhrtswri6ZbIHUt8IYX+U/PG2d63uodqr5yLds7ZdRcaEnT0mrS2s4ZGsqjN7yBgyMOHeIAuNDpeMO/x+lrz7IvY20BXw9KsPxqCbcm4MPRgR6SRV5Fe4nwGfYCIiAiIgIiICIiAiIgIiICJrY7HU6KZ6rhF68T0A4k9BOe7z+0JrilhwVLGy3y9q+tu6p0QajU+I4Qav8AtHaVGgt6tRU8Mx1PkvE+k5fv/tCljHwzUGZXoOzCrlIb8JUJ3gbZlB1HIdZSdrbdxNKoGrKtiVdr5nc0icrXZtcy2N9PzljyAgEcDqLSyRi2xOYffzFpTRLU3KgAvUVszkczlYAHyEs+62+a4l+xqqKdQ+7Y3R7akC+oPTXhxnNnSeKbFWDKbMpDAjiCDcGXEnKu8Ti+9qMMfiQ3HPcfssAV+lh6Tqm7e1hisOlX8XuuPBxx9OY6ESpe1DZVuzxqjhanV8ie4x8jp6iRu9xRAJky6QqzIomsc1CxlD7PichuKZ1FiRcNcC5HJTy6X5z7isEcNWD51rZlDaWKs1tEb3ct7WOmnrLLvLs01aWZB94lyul/Mf26gSBw5TFUnDslN1OcZUCZzqbLlFgelracpmzHSXY1dm44irWupQOmUqSg964HvcVzKmo1GXiJ62NVS+IQkBQxyk083eJDKit+EsQwv4ecx1alZmFU0w/ZECoVJPctorLx5LYz7tXBMHFdsOyU3vcOt1QaFCWN7CxtcyNNTYWJWlXqKe8gzGwYqWUXBQEC4JUkTX2oe+tUBlBtq+mtgRYcuBv5RtXItRatIjKbgcB7umuXTgRe0sdPZ1fGURajlTKoDKKaZsptci+p5kkDgJZNRGbRrGvQCLTGihgw0LEkswNzclfdGnPpPOASpiAMtXLZQMq8WcWvmZjoTrqLDgLC8z7AoYgPUw4IXXJULsVQWYHKbC5uVBt0BNrzLt/dithc1e+emxu/Y3Qrfnre4116nw1jKbHWPZVvGGDYR9DfMg5Xt3lHmBmA6NOlq8/MGysYlBg9A1TUup7oZzmXUEEc734cJ3jdPehMUqo/cr5btTbultNWUH6jlCLYjTIDNZTMqtAyxPgM+yKREQEREBETWxuPpUVzVaiUx41GC/K/GBsxKZtP2jYVLiir12/VGRPVm1+QMpu3PaJXZWZ6y4emOIo3L+RbU38rQmur7T2vQw4vWqqngCbsfJRqfQSnbY9oGhFBMg4dpW4/uoP6/Kcvo7WavmeiBa2dquIYM5GYLcJfU3I5k9JA7H2pUGJdK75nRjq4BBU902XhwII8+kHdWzFbxnFVqidrUzi6l2W75/wqqkjIpPMekoW3DUo4oVWJLeLk5hY2Ktz8R69Jn2/tFExBrYe7KO45ZbKbHunT8dvMDTjG0sEjq1UuGZzxYkkKRmVgToFkaxv0aGIrUqmKd1cZVJuSxC3JChm4k21HS3Oxntz8fmpGg3vUrAdaZ1Q/K4/dlM3drlw1BjqNUFwASW1BPw630I1PGSwrthMUCxSy2Wp2Xuim4HKw1UgE36+JM1PWbNi9OkxMk2E1F58YTbkl9ydr/Z8QFY/d1bK1+Ab8LfM2PQ9J0vaWCWvRqUXHddSp9eY6jj6Ti7rOobl7Z+0YezH7ynZHvxI/C3qB8wZmxvjf45YcO1J6lB/fpMUbrbg3kRrPdpY/afhlp1qeNX3WtSr25f8ATc/UH0lbqcLiWVLGWnRJF9AL2JPAHrK5iqVCkXK1WQucxSmKbAnXXvqQOJ/twmriN4zWril2uWn3VLgZrqOJW2pt9bSF21U+z4nt6NY1FZrAtdWIGgYA6jTT+4Mza1OKXxm7zBDiMM7PqTVQqq1A1rWCoANNe6BzvrM2C3kWlQFCsvaLa9QPbMEb8OW1joTppxtaQ2xduYg1+0pjucHL3OYX+Lm3h4TYxe8FR6uTEWU3JQqO4Qf69T9IlxcTy7SwrUDRrKlswXMgIABPdNzaxuRckcV0kNh95amEpt3C12tcmwC62Y25kW04fSeaWxUSotQstPNfu3zCx/GQvuj/AC1pKtuq7OtUVKfukd25BDEEH6fWa+qZEO+0u1qiuCAXVAUuBcgEXAvpfxPSax3hxBzfaVY02uMp0ADcFAGh9fDW8nsTubnZGarqpv3V46g2JJ6SRr7v03QpUZnBsbXyi44HTWTs2KlszCqzNWwzKtgQUfPa5tr7oA58LyV2FiSGqO4IqUmCgLUKgErcOuVAdOpHEdZuYTd4UcwpsQGN7GxtpawJ5TIdmUgxZiWJFjc6G36o0v1jD6i27se0J0fssW/aBiAjAKHU+BsBm9deOp0E6XgMfTrJnpuGXpxB8COIPQzhlIogIUW8habGz9s1cPUFSk2U8+YYeDDmIxPp3ZWmZTIDdrbiYugtVdGHdqL8LjiPI8QfAyaptIrNERIrHia600ao7BVUFmJ4AAXJM5/tT2noCVw9Ev4PVORT1CDUjztLtt3A9vhq9Dm9NlHmQbfW0/Ne1My1KYJIVlYEcLOh1v6H6QlXTaO/mLqghsR2Q8KAy/zat9ZWhtJajghu0Zrd5mvx4ZmJkXV2hQRFBqLmBIyooJIJvcsurG55jQc5AbJxGTEMgBCue7mBBGpK3Fjyg+U1vNtlkNNQpUXzEqdGTgR43B/pM2PxNBsJkdqaEBlAVLM3BkqMw983NugEi9vrXqqalVEQDMQF46nvajS3QTc3Pp0Hpjts33ZbUAOQTqMoY2W/iPCGvEfuvtJqZKBQ7LmZFYZlIIsVOh8eJ014iYdsLVWomKdVBzL3UJuMvDMw56EXHhMeKrilixVVgRcFspuNdGHnz9ZYMamIx1O1OicuVVFStamCFtlyjix6xJqaxbVrUalJKSLmd76UzmZgwBUCmPdtqbyGweGdj2FdmRaZsVK8Bc8QNTrylo3ExlCjQqdoqrURijkjvG47uvTXTpITePF062JVgGp5u6xJsGFhby/DNWTE3tGKjLVR6ZBYsEy6A3PdAN9NbjgTaXzCbDQ3Lju3vlvdiNNHqWGmnBQo8QeMq2G2aK2bsx2dNcv3jHuowABINrsS1zYcLgS+VtqYdKRvWX3dT1tJE5MWH27c/cUe0RbWKk5bD9XLw0PoJq/8aKW7MIO0DZitjYePe+G1tJS9n4zELSUU6YKgWvz04/iHOaqvVGIL5LOVvZhYcgbXPDSXV+Y6JiNumnUC16fZhvC5sW4aAcOUte6eLKYkAHR1ZT6DMPy+s44+IrPYVFCjMtrW45hbmes6tsfSvS/at8wR/WWds2ZVt20i1qT0XF1cFT/cdRx9Jy/C4l8JV+yYg93/AJVTkV5A9Py4TpOKaVXePZ610KsOoPMHxEz4vqo7w7t6mtRGvFkHM8bp4Hpz8+MBsHCUWqA4lmueIKg28RrwI8ieOks+y9pNQf7PX1XgjnkOQJ8J73h3fFW9alYVLXI/DU00v4N1+fRZvhLnVVpsTSw79mr5qZY6fB18bHwOoktjsHRq0VFyxNmuNAun4TxJ68PORW79OhSqWrhg3Ak3481Olx6W856xWLSi/wBzfsy1irWsL/iWw0JPIXGvjrI200eph3Wk/eRjZGH+fST+7+2n7QUkVnBPftbLTXSz38b3uPK1zpNXBbCrYlhUrXpoDdV4OfT8A+vlLZgsElJAiKFA8PzJ5nrNSMcuU8bbVzML1T4w5mFjNMPLmYmM9OZjaB4aeGnozw0CW3V26cHiBU1NNrLVA5r8QHivEeo5ztWHqhgGU3BAII4EHUEdJ+e50b2ZbfzA4JzqoLUiea/iT04joT4SNSulKdInhDpPkzjbLOB+1HY3Z1cTYaK/bjl3Kgu9vIM4/dnfJzr2r4QA0qpFw6tRf5FlHyNSIlcaWrh6eZqozORoe0Aa9uLaFm5cxwla2hiAXWqn4bakWFwbj+skVpUUOasMzBmUgk97szl5cNMp9Zr451qI2SkVU3KnW3d8Lk3+Z4yKtVKjjMXRRFpZaQBKtXIUAPxKqAWIPidOEit3NiUhjamHxQvZbqCxCMVOpPC+gPGTe7287/ZqdKnlzBcjs7ZVFuAPSwErO39pu9SnWZQHFwSmgYXFwRyNred5v/MTurPvlhsI1DsqXZqy3KKAoPDgCAATeY9nb2N9mSmgGYoA5Y2W6Xtf5SDrUzUQXWmq62ufvGzG1zlHLlmPkNZp7AwuZqiMhYgr3bEi+oNxwPAcYvP8PljTFOcSxABNS5Pw31N/nebW0MC9RTdy9QnNYji3O2pN7njxMsKbsNUam7fd5CCMtixHwnkBJ3BbMp0vdGvidT85nLS8pEBtskfY6IGTMGYrfKoIVQA3LQtI/evCinQa1QPew7pW47w4gMev+Gbm9tYLiaJbQLTc8PiYD+kg9r4pHpFVNzcE6EaBh4wcfG/u9hi9AWK8W0Z1U+82oDEXmrtKu9DFqQDnVCLKdR3uRW/Kedl4ymtJFZrHU8DzJI5dZjrYpBiQ/FRT5a65uBhWTE7VqV7B1YWZSC17e8LgXA5flOm7N/T0f9RPqwE5rjselUAKoUgqe6tgbOD4nXX6To2z2++o/wCon+8TXFjn/F0xlKQuKoS04ilI3EYaLFjn+8OyDUpnKBmGq34E+B6GQ27u3Mo7OpfKDlOb3qTfC3SdIr4PpOd797Dei322iOFhVW2jDgCRz5D5THi+t7buwFr2qIQtQWs34WHINb6GYtj7uJRId/vKnxEaL+wvLz4zT3Z2+pW2uTmp1akT+af54iWnjqOB4ETcxi7OmO08MZkMxNKy8MZhcz25mFzCvLGYyZ9YzGxgDPBgmeS0D4094PFvRqJWQ2ZGDL5jkeh4HoZiLTZ2dsuriKi0qa94+OgUc2bmBA71s3GLVo06q+66q48mAI/OJr7HwYoYelRBuKaKlzzyi1/WfZltLyte0PBdrgKvilqg/cN2/lzSyzDjKAqU3pngylT5MCD+cy0/LW0sNatUsAb5KgJ5XBVvqin1nirSYr2jYhCxtZRmZiL6gkiwt14yS27RqK9JkDZlz02yXuDoQT4WKnXrNKjsqrUYs7WJNzfvMSdSTyvCS9ITZtMU6tWmb2sGABIBF+diLjvW9Jmx+FFUFaa94G6quuh5afnLRR3eo3DNmY2y6niL31tbnJbDYNUFlUKOgtLiXlGhs/d6mqr2hZjYcdBw8BJmjSVBZQAPAC0+qJkVpvGLbXpVJ/8Ac9imJ4zwXlRobW2HQxDBqikkCwszLpe/IyP/AOEsJ8Df9yp/eT2efM0mG1BHdHCfA3/cqf8AlB3SwnwN/wByp/5SczTyWjIbUJS3WwqsGCtp41H/ALyewh++pf6if7hNdmn3BN99S/1E/wBwhXWWpzG2FvNxFm1SoXitoKrgJE7T2QtRGR1urCxHT+nnL19mEwV8ADMVX5X3q2RU2dirobKblDyIPFSOfl08pPbtbdV10vYe8nNP1k8VnUt/NzPtlAqNHW7JY2ucpGUnlfTXkQOon57xmy8ThapNnV0NiQDmU+Dry/I35yQs11gMGAINweBExPKbsXelW7rsKT8760nPj+qf8vyliGPJFylx40yGB630m5WLxZ3Mwu0z0MPVqe5QrN+6FH8Woklh91cU/FadIfrsXb5DSUxAk30GvlPDgjjZf2iAflxl1w25I/5lZ26JamvyF5MYHdXD0/dorfxcZj82vLhjmmHwzVNEV6n+mht6sbWkthN1cQ/FUpj/APRi7fJdPnOn0tndPlNyjs3pHS4oeA3ITTtKjv0S1NfULr9ZcNjbIp0Vy0qaoOeUanzPE+smaWBAm0lICZvJcY6dLSJniZ1cIiJFcG3qw5pY/FUxw7QsPKpaoPo00qay4+1fAZcRSxAGlRcjftJqD6g/yylo0sc763EMyB5qK0yBptlsZ59DzXzT6GgZ80Z5gzT5mgZ88Z5gzT5mgZ888l5hLzyXgZGaZtlrmxFBRzq0x/OJpl5Y9xNnmpiRVI7tMX/eYEL/AFPpCx06gLmSSCwmpg0m7M8nSEREyry6A8ZCbb3WwuK/TUVcjQNqrgeAdSGA6Xk7ECgn2aYEH3anl2rW/v8AWSWz90sJQN6WHRW+IjM/8bXP1lrKifMgl0Q/2OelwEl8on2X6TEdTwPSbCYUCbMSbVx4WmBynuIkCIiAiIgIiIFV9oWz+2wdQAXZB2q+aXJA81zD1nG0afoHaS6ThW3cD9nxNWlyDXT9htV+mnpEZ5RgVp7DTXDT2GmmGa8+5pizRml0Zc8+ZpiLRmjRlLTzmmCpVA4m3nMuDw1at+ipMw+I91P4jxlMes0x1KwXiQPPj8uMnsFufUbWtWyj4aA1/jP/ALlm2Xu3h6VilIX+J+81/G54elpcXFN2TsaviCCiFU/6lUWFv1F/F+U6hu/staFMU0uebE8WY8WP+cAJlw2FMm8Lh7CS3GpGWilhMkRObRERAREQEREBERAREQEREBERAREQEREDFiKeZSJzH2i7ILKMQo71PR/E0yb39D9GM6nI/aWAFQHQG4sQeYkH58Vp7Blr29uLXpuWoJnQ/hDAMvTvaEeshk3YxxNuwK9XZQPkCTNxjEfmnh6wHEgecsuE3GrN+lqW6Uhb+ZtfpLDs3cunTNxTF/ifvN8zw9JcMc/wuGrVf0VJmHxEZV/iaTeC3QqvrVqhR8NEXP8AG3D0nR8NsPxknR2UBL1FxSNm7p0KdiKYLfFU77eevD0k/S2bLEmBAmdcOo5SfS4hKOzuk3qOAkiFHhPsz9GMVKgBMsRIpERAREQEREBERAREQEREBERAREQEREBERAREQPLIDymM4ZfCZogYhhl8J7FMeE9RAREQEREBERAREQEREBERAREQEREBERAREQEREBERAREQEREBERAREQEREBERAREQEREBERAREQEREBERAREQEREBERAREQEREBERA//Z', '2025-11-29 16:13:18', 101, 2, 24),
(4, 'Aura X Smartphone', 'Flagship 6.7-inch device with triple camera array and all-day battery life.', 999.00, 'data:image/jpeg;base64,/9j/4AAQSkZJRgABAQAAAQABAAD/2wCEAAkGBxITEhUSEhIVFRUVFRUXFRUVFRUVFxUVFxUXFxUWFRUYHSggGBolHRUVITEhJSkrLi4uFx8zODMtNygtLisBCgoKDg0OGg8QFy8dHh0tKy0tNS0tLS0tLS0tLS4tLS0tLSs1Li0tLS0tLS0tLS0tLS0tLS0tLSstLS0tLS0tLf/AABEIAJ8BPgMBIgACEQEDEQH/xAAcAAAABwEBAAAAAAAAAAAAAAABAgMEBQYHAAj/xABOEAABAgIFBgcLCAkEAwEAAAABAAIDEQQFEiExBkFRYXGRByJzgaGxwRMyNUJScrKz0eHwFCMkJTNiksIWFzRDU1STotJEo9PxFYLDY//EABkBAQADAQEAAAAAAAAAAAAAAAABAgQDBf/EACgRAQACAQIDCQEBAQAAAAAAAAABAhEDMgQSMRQhM0FRYXGB8METI//aAAwDAQACEQMRAD8A2IFFJQByK4zRXLrSKUEl0iipQo8KGTO8ADSigJrXT5Ud4HjOhtOxzwHDdMITOIyRjVtDHe2n6xIA7CTekTXbR4jt7faqvlJX0Khwe6xL53NaMXHRqGtZ7D4Uojn30dvc/uudalz3KcM8W1bd8NmdlEweI/8At9qRdlXDH7t/9ntVUoNZsjwmxYZm1w5wc4OtIx3phwtr3juWx2WcEfuon9n+Sh6TwsVewkOtzBkZWTI6Jg4qr1jGLYb3DEMeRtDSR1JhkfU0KHAbEsBz4k3FxAJkSZNE8BKW0zRfT17cs2suH65at/8A1/C32oHcMtXZhGP/AKsHW4KPMJvkjcEHcm+SNwUJ7VHokP1zVf8Aw4+6F/muHDPV/kR90L/NVmvcm4NJAuEOIDNsRrRPY4eMNS6o8nINGBkLb3El0RzRM6h5I1Iv2qnLnzWlvDTVudscf+rD1OKH9dVW6I34B7VEGC3yRuCDuLfJG4KVO1x6LbUnCnVlIiNhCMYbnkBvdG2WlxwFoEgHbJXGOJXLz/lhU0J8F0SwA9knWgJEtmLTTLG4nnW05M0p0Wh0WI88Z1Hh2jjN1mRO8KGjS1IvGYSLDMpQhAxkprpo6G9bVlCo7A+K+zMya0Alzjoa0deAzqunL+ED9jFI1mGOi0oXLqMTSpE3Mhsa0aJze488x+ELOq+ynZBdYa224Y3yA51orp0inNbzWw153CVBH+ni74ftST+FKjj/AE8bfD/yWN1flGIpDXtsE4XzB508jPSKUnolqbuFmjD/AE0ffC/yTePwyURt7qPHA2wv8lk8VyjKwhB1gHyuwns6UnTr5QNo/XVQM8OLs4h6iinhrq/+HG3N9qxoMAwA3ICBoXTsvuYbF+u6gD9zHP8AR7XoDw20D+BSP9n/AJFjpaNATV1AF8iQ0kEtuzYX5sSq24afLvMNr/XdQP4NI3wf+RHHDbV/kRtzfasYDALgAEMl07H7p5W0Q+Gyrp3sjbmdrgOlXTJfKqiU9jnUWLaLCA9hBa9k8LTTmMjIiYMjevMRaNAVr4HIhg1swMubFY9jhmIMN75S86E071y1eHmkZyTXD0XNCiLgVmVGKFEmumgZrkZGACKk7KMjNRSgCaZV6fmTykL0k+kmNffYHlIXpIrfbLHeGShRHQ4MRoJYwva77pdZkegrOqNYDBMSIxMzxsbrM5TvGEsM69AUtjXgtcA5pEiDeCFWhkrQ2PttgtB5ypZ9PXilcTCLyEoz4dF48xaeXNGgED2KXiXuaCZNtC0c9m+cteCXimVwuTKM5GO1825jOtpWIoBmO5xJHVYKWqJ4bRYRJkBDE0zrA/NxOTieg5J1WHxIEKGwEgME9oxJOYDWkrZ/559yra1cIhce8N1nQBnGtTcN4IBBmDgVWKbZZntP0NMg3WTnOpdQ61MO5vGBvIN0teoqHJaVHVjWFkgMkSDxtmjauNPttNjHPpGm7SoWFHa61LEGRnjtRErNAiNe0ObgUeyq/VVM7m8td3rjuOlWJCEXlEz6NF8ztC07IkD/AMfROQZ2rK8qKW1sB7Be4i/7omLz7FqeRP7BROQZ2o9DhNs/vROlJlHLkQhGtm2XB+lv82H6AWJ1jRi2kOtifGnfMBwnPEEGWwhbTwgH6a/zIfoBUysKJDid+0GWC1TXmpCynMhBzg1glxp4zsjMCdPv0KxxXLhR2MEmgDZckYzlFK8odBtH+TPc5x7vaFhonhMY5pSmoWPgzz/yuSsQpCkHit8/8rlbzj5AEp5Q6uc9hiEXZtek7E8qapHRSDEBDLrvGdoGoFW2mQWljYbGyFwG+V27oWtZntMgFjtRw9h1pG0rDWNEmJ4ggGXnYS2GY2jWoGkUZzdY0+1InEghQIocjArrErZcrPwW+FqPtPqqQqwrPwWeFqPtPqaQuHE+Gi3R6LKENSsly8tzIyQFLSQWQgb2FxAwShaiWEQIAjELrKEtQEkFGZRvlA2xIY6SexSxaobKr7AcrD/MimptlmXCBlI6iQmiH9pEJkTfZaJTO28LLIde0y2IndokzeDMyPNgdy0rhGqJ9JhNdCE3wieL5TXSnLWJDpWb0Or6R9n3KJMEyDgQATiZFS5aHJyNFydrg0mAHuADwS10sJjONoTauaWZhrXES76WeeAniPelMnqtNHghh74m07aUpSaJDcSXB0zK9rpG7UQRn0TuCMF+XnnHQxZGLoEWcyWseNoMN0ue4qUpRbDquji2Wd0hB5AaLT5XiZODZholnmTg2RYUpjWw3tYCB3OJOZmXGw68mQHMAOsp7UMF7qN8pjysw4IhwGO8lvjjYQDuR0r4f2p72PiFwdxbLpibiAfJZhMznjjeiPozw0vAb3R3FcwEgt1jQdKs9HqlrgY2aEwWST3znm46zIOM9esIaJV4iRHvAFpkIkGWItNEulQ6f6+iDq6kFkRrHPdcAe6NlfmmMxF4u1HTNW91FDpOc0Wpd8BKd2Izy1HBRNV0RhMWGcHydZ0Owc4aJgjcn1TRXNnR4k7TL2k4OZfIjYjjfE98G9Kq84i/VnQwa4IaIcuMJi1oGa7OcylosPOMOpRlNogdeLjp9qlwRNbOnCf1862vIUzq+ici0biQsUrP7J87jK/bMT6+lbVkB4OovJ/mcoehwe397JshHY3OhsnQlEbGSZfxg6nRR5IhtO3ubTdvWUV5XsR0QshGQBldi4rTcvHfTqR50P1TFlVb1W9kUuaCQTMEZveu9s8sYWEoFZxWkWyS0m+am48QAE6L1EwaK55BcCBOZmZkk4k6MTzqSjSIkcCJFTp5wI10Z05zOzNsUxVsMGLCEpi2SAc/zbyOxMe5whfZcdVri891qWqfOn9TxCIkM/ed0w4itHWBdqMwyuxJsNuxJuc4b5DaU5iw+OZC5pEua7sO9DQofz0Fnki0doBcelHogBFIdolLmmtiyu0iGLDCcJuYdjrxuKiqRClMHEGTuw7Cp+kQ50cn73tKi6aBaa7M9sjtUTCFbp1Ele3DONHuTQOU3GGOq49hUPSoVk3YHo0hRWZhIAVZ+C+JKtqOT5QH4ocdo6SFVA5Wbg0P1pR+Uh9UVV4ic0J6PTKBCgXmqOXLlyAjUVyAFAQg4rgirpohzioXK4/MN5aH1OU0VD5V/sruUhS/GimpslTIz0wjFOYzkyiuUvImSEVyaRXJeIU0iFEG1KPEfycT0HJ9SaSf/GQmi+cNjRqc4hpHTNR9JPFfycT0HKy5H0ARoVGLpyhNa+QbatOAIZcbrpzvztCNFPD+zqn0QQaNCgggkzc6QIvkGiZONxI5kwyNm+FH/BrnaLt2G5SuU8UuiymeK0DjSnO8m4bUzyQgWIca7vorpSxIkJDYhMK5SGGHSmu8WICNhlf1BS0WAHSd4zbwRjLONh0Ia2ogdMZ2vmCMxabvZzroL1CsRmMFYL/jnSNKgXTG7ejxBKThglWOmPjMOu9S5SpteR+K5pF9w6VuHB8ydXUXk/zOWRZU0IOhOfg5oB2iclsWQQ+rqJyLe1Q38Jt/eyfCI5HXFqNjEeEA/T6Rth+phqqxXK4cKBlT4nmQvQzqlxCtddsJIRCm0QpaIU3eVISeVIVJfEhT/i/keo15T6qnSdDIzRDnl4j86rHWBo1XxAaW44yYZS0ywPxmRaocSykDOQdkpnOoipaUO7uMxeCO+69KkalcO6RGGV4N0zLditaxvBBMB7brjO86ZYKFpN8EGfennU1V95isuwzgnc0XqFdfBfqOs59ObapEbSsce+b8TUXSrxrlPnFxUlSXXM9nxNRdId6Th0FVlBmrPwY+E6PykPqiqrK28Ex+taPPyv8A5R5dK5a+wl6WXIltFmsCpVck11pARBJBLOukiHFAjlEkgBQWWh+jDlof5lOSULli36I7VEhS22wOoopq7J+FEiuTWK5LRCmsQqXjyQiFNYhS8QplGjAYomtZnoTpB4r+Tieg5aTwf0M/IoBkSCwOJtWRqwvKy90cODxI/ZxSJ6mOB6Vq2SkmVVBfJkxRxrM5XbLpb0hppWYpifX+KxWka1Ee7S4nTK9SGTY4u1+AxPsChohU3k2JQnk6XXDvjJrjIaBciJMqY3jEXYA3YAyvvUbKTlMU8WXyuEi4SF4F+fSVF0tucS15ujejnnFijDMS0/ASLHWDZOBXNchpbLTZ5whqV8zLKE/R4nm9o/75lq3B34NovJn0nLGa3pM4ERpxs9oW05ACVXUXkWnfeVDXwe397J8rprkMkbGEcIx+sqTth+phqqRXK4cKjQKxiSEpshE6zYAnuA3KlvK1V2wkk8pByUeURrLRAGdTIbuUpUDLT4d0+O8y0yhRCeeQKj4kAi8ywn7tqkcm4liNBJzRTPZ3N4PWq1nvgWVsmPDxO7AiQmCDLEGV2rSE7qmkypM7UpzvMRrcZZ3Ce4JrTWWbQ8h0jf4jjduKb0KlmHEBnKR0kbcBPXctqyVqt/0mMJ+K7xjfccwFo7FAMifMxr+lx8bG4dJUtRYxFJiY3tf/ABMwOIuP957FAOf8xE1uA8bOZ6uooGVJNzBt0/B5lE0h+PnHTmmpCmRJEfdZM7Tz/GhREQ4fGKiQCs/Bj4To/Kw+qIqvNW3gmaDWtHB8qfOIUcjpAXHW2qy9JyQSRpLiFgVAUC5cgRbFmUeWlNWFLiIECloLiki9cUB5qDyzd9EfykH1gUyXqDyzP0N/KQfWBHPV2T8M/iFNYhS0Qps8qXkEYhTSIB8bk4iFNohQNnsADyBjDieg4rS6BGs1LRxPvoUMYnTPAjQ0/F6zWIbn8nE9W5Xsx/qygM0wmnPmEhcfOzJDXp+HPyh3lT+TDfmn63OB1gsddPMNirUR6sWTEWUM+fOWeVq+UpnAnBIVsSrTHna7R3wGA5sSmEcTEuwp/WBzYXSzN70yFwmZy0qKjOuv7O1HK/qbtdmS0KIPjRnUY6NfJB8rl1/Hv1KF85hH5TMshw2bphblkF4OonIsWKZRAPgF48WX4SR2rasgvB1E5FqNPCbZT6MEVCjYw3hZP1jE5OF6KpDyrpwtn6xfycL0VSHlaqbYSTcUkXSwR3FIuSQR7ypCqMWee4/7URRjipKpsW+c/wBVESOsC40297L/ALaD0gBV+LEuB0jpGKko1I/ZZeSRukEwolBdFkTc0F09JB0blsWC2k2ZxJAktLW3MN5kCZEG7HMMQkIEAvYGXTDrQuHGukROU5jMNt2Cf0qjEYC4A3amiZG7rCjiHtN2IlfsaHdRJ5kERS3g2j5TtXet2DUExJVgrCid247eK+V7Z3PneSDgCdxVfewgkEEEXEG4gqoKrhwR+FaP5x9TSFT1cOCPwrR/OPqaQuWttRL0kjLghWBUBCKQjICgJ3EJL5OU6XIjBv3I6Fzoc9CcLkDdkBQeXMMChPl/EhesCsar2Xx+hP8APhesaimrsn4ZlEKbxClXlNohUvHIxCm8QpaIU2iFCCTzc7k4nq3Kztpk6JRG5mUdoz43zx2BVVxudycT1bk+g0mVHh4XQwM4zyzKGmk40/s5fSBpHRt1KUqOngMc2YGOcdrwMdqrbBEe172ibWkAmbsTmGkyvu7V1ApxE5HpiflKOczlb41KBwIxwBEpEaGjtUXSX3fA95TWDT54lv44naUMCC6I18S0A2cmy8Y57zfIdexC3fCGjUiTvjsST4hcQBeZgAa8MAiU+GWuIIl8Zk4qSHN9o4NE+c4du5ERB/W0GzR3geK0A65kTO8LaMgfB1E5FqxGu40obxpbLpC27IHwdRORajbwvSU9JcUM0Uo1sJ4Wj9Yv5KF6KpLyrpwtn6xfyUL0SqS5aqbYSTekXFKPKQeokEcpCrXyDD993qnqNcVJVT+7vl84fVvSOsCfokG2GWgeKDqnO8mWaSlS8Bolnubt0pvCbKTc5E3ahmCI6kd8/M0SatqwKZGFmJLBoDBtLpuO+aZ0pxtPAxDWPG1oHYSk47z3No8p0zu96I9/zu1oHRLtQEcbwQLnC02/8Td85JClwmxRJ3fS4rs41HSPegbOwRnaZj43IjnXg5nYajq1/GlVmUIWNBLDZcL+vWNStfBH4Vo/nH1NIUPSWB4kcRhqOjYfjXM8EglWsCflH1NIXHW2kvSi6aCa6awqgKFAUCIKLkCGaJFQzXOXSQBNV7L4/Qn8pB9Y1WEquZf/ALE/lIPrGo56uyfiWXvKbRClohTZ5UvHJPKbRClohTZ5RMEz43mRPVuSlBaYjYcMGVzZnQBP2pDyvMiercnOTju81+1Q7dNP7/i6U+iMhUSG1twtADXcSSdJVIrKiWCXtwOI0e5XfKxj2Q4TSLxxiM4xEjrvwVTpUSaSrM4gzq9znuaxpN5xngM5v+L1b6wiNZDDGYNGmfPide9VaqiGOJGPV0qTfEdEIY0FznGQGme1IVyZ1pDDseYprQnWRLXMq30+qWNYyEbyG3uzl2cj4wVSptCfCdI4Zjp9hRE5ghXESbHbB1hbzkD4OonItWA0xhMN2oT5gQt+yC8HUXkWo3cHOazPunknFNyMSivRsYTwueEX8lC9EqjuV34XfCT+Sg+iVR3Faa7YSTckXFKPKRKBNxUvUQBdCnh3Qk65QohkodykqrfIMP33dMJ4SvWBaxE+bfEzuMh7PckKXdDaM7jzy+ClaeJQ4Tec3z/uFwxzJOtQbUNugC6Xwd62rGtO/djUTsmkaR9qNg+Cl6x79uzUZbrxzpCmfaDZqPVeOdAlZk9w0nTp15k3sGTm3zHP/wB8ycxvtJ6Ro9nakC3jnC8TwI6O0Kswg3e/A6bj2GasHBgfrejnPMz29xpAVdeLnDXp58D/ANqw8FvhajnST6mkLjrbSXowldNcUCwqBmgXLkCpREdcQiREJQyQoCKucIP7C/z4PrGqyOCrXCH+wRPPg+taO0I56uyfhlUQpvEKViFN4hUvHIvKbPKWeU3iFQtAgPfeZE9W5aRwUZJ/NQ6XFkbTZwm4gDM86XHMM23DNQe+8yJ6ty2vgrraFGqyA2G4F8FvcYrZi01zCQJjWJEbUhr0aRak58pRWW7R3ZoHk9vuVDrah2eM3DONHuV5yxM4483rJPaoGJDmJKZc7RzQqLTIq8ZEVXJppDxeRJg0DTtPVtVfh1VajNb4px2DMr+82IYaLpD4xGpRDjWs570NWL5vn8STekQA9siEpScUMNSveuYVWsqLYgxvNu2TC2fILwdRORashyzpDIcF4J40Wyxgzklww2CZWvZBeDqJyDDzETChs4WMUTryk3FC9yJNGphXC+frJ/JQfRKo7irtww+En8jB6j7FRnFaK9ISI8pF5R3FJuKBNxUjVn7vlT6D1GlPKHHDBDc4yAi3nRNjhPpCRPfAuVYznCxMmjyuiWbYJdaSrUDujNmrsM95RqcQWQ3XG7G48+J6T7CauW/ZuxuGn/GWfRzrcsZ1n37MMPu+7tSFO75pu6PdqzlPa2afmzf/AHe/qG1NqcO8x6ff1Daga0gcduHR2X75pN444+N8j1pekAzbjjr9h6gkow47efH3hQGru+OOA09s1OcFXhaj7To/hUhQju+OzV7QprgnfaraBK+RdPmgxyetcdfaiXo+SBCUCwKOXLlyBUhcuXTRIFyEoEHFM61q5tIgRIDzIPbKedrhe1wGeRAPMniKURMeTHawyQpsNxHcS8DB0PjtOsDEc4Ue/Jum/wArG/puW5hGRl7JX1YG/Jmm/wApG/puSL8lad/KR/6ZXoIIQUOyV9Xnf9FKwBmKHH/plQsDIKt4TzEgQqRDdfJzA+G6WN5bI7l6iLlwCOunpcnSXmGLkpX7jNwpbjpL4560X9D698ilfijL1AFyOuHl5uR9egzDKUDpDo6UOS1fnH5Z+OkL06ShOCGHl79Ea+8ml/ijrv0Rr7yaX+KOvT6FDDzVVPBVWtJjNMcOhtmLcWM6Za2d9kE2nHQJAa16OotFZBhMhMEmw2NY0fdaAB1JdJvKBMoAjOQIM/4UshYtMLKVRbLozGWHwyQ0xGAlzC1xutAucJGUw7G6/Ko2RtYgyNBpE9UNzulswvTLV0leLzCXl92R9Y/yNJ/ov9iTdkdWP8jSf6L/AGL1G5EJT/SR5cORtZfyFJ/ov9iTiZGVmW2fkFJlOf2L/ZsXqhiOom2TLyyMia3AAbApQaMBYjCWwAEBC/IyuHStQaUZYTbSDLZxV6kJXKMyZeWn5FVwbjBpJAwBbHMtnFQPyIrcynApJlhNscy2cVepkM05pMvK7sh63zwKQZYcSPd/ag/Qatsfk9In5kf/ABXqea6aZky8tNyDrZxl8npF/wB2L+YAbytQ4H+DmPQ4jqZS5MfYLYUEFpLbVznvLSQDKYABPfFaohSZMuXLlyhAUC5cg//Z', '2025-11-29 16:13:18', 101, 1, 54),
(5, 'Wireless Gaming Headset Nova Pro', 'Premium wireless gaming headset with lossless audio, active noise cancellation, and a retractable bidirectional microphone. Compatible with PC, PlayStation, and mobile devices.', 89.95, 'data:image/jpeg;base64,/9j/4AAQSkZJRgABAQAAAQABAAD/2wCEAAkGBxMTEBMSEBIWFhUXFRUQFhIVFRcVFRIXFxUWFhcVFhUYHSggGBolGxUVIjEhJSkrLi4uFyAzODMsNygtLisBCgoKDQ0NDg0NDisZExk3KysrLS0rKysrLSsrKysrKysrKysrKysrKysrKysrKysrKysrKysrKysrKysrKysrK//AABEIAOEA4QMBIgACEQEDEQH/xAAcAAEAAgIDAQAAAAAAAAAAAAAABQYDBAECBwj/xABEEAABAwEFBAUIBwcDBQAAAAABAAIRAwQFEiExQVFhcQYigZGhEzJSscHR4fAHFEJicoKSFyMzk6LC4iRTshUWNEPS/8QAFQEBAQAAAAAAAAAAAAAAAAAAAAH/xAAUEQEAAAAAAAAAAAAAAAAAAAAA/9oADAMBAAIRAxEAPwD3FERAREQEREBEXBMZlByii7TeuymJ+8dOwLVc+q7V55DL1IJt9QDziBzMLF9dZsM8Rp36KNs12yZdntz9qXvdLXtk1SyNA4jAOzKEGerflIfalKV+UjtVAt93vDy1jw/ix2IHtC1xQtTM8BI5gnumUHqtGu13mkHht7llXmd33y4ENdLXeiZB7NoVyuq+g6BUPJ3sd7/khNIiICIiAiIgIiICIiAiIgIiICIiAiIgIiICi7bXxmB5vr4rNetqDGgTm7Ls2/PFRNO0iUG7TpgLJLQC5xhrQXEnQACStI2sKL6dWw07M2i0w6q6DwY2C+O0tHIoK9bOkNorVHFtV7WEnDTYcEN0GJwzmNc9637ruKrWaapBcNJJzfvwk68ysXRi5PKvDdGjrPO2N07z86L0mlTDWhrRAAgAaABBQg4tJaQWRlg0I58Vwa53n55q43rdTK7YcIcPNfGY944KjW2zGk8seII7jxB2oO1cB4hwBHcRyOzwWKz1TTMTI3nUcD711B4nvXDwgu1x3hiAYT+E/wBvu+ZmF59c1rhwBPv4HmCr3Za2JoO3Q8/mD2oMyIiAiIgIiICIiAiIgIiICIiAiIgIiIKD0tvf/VOYDkwNb2kYj/yjsUdQvPLVQl72jHaKz/SqPI5YjHhCwitkguNw1zVtDG7BLzybn6471rdIavlrc4atotbTG4u853i4D8qzdAAP9RWdo1obPDNzv+LV16HWc1qjajxm8utL+ZOKO8hBc7isHkaIB849Z3M7OzRSKIgKL6QXWK1MwOu3NvHe352qURB5aTBg/Ec12lTfS67cFTygHVfnydt9/aVX2HIbteKDu12F4OxXy6K2TeIw9okjwxeCoNXNs9qtXRjKzANkx1hza6Y7xCC1IuAZzHNcoCIiAiIgIiICIiAiIgIiICIiAutR0NJ3Aldlhtn8N/4HeooPEcOUrCXKQqUoHYo4oLrcgwXRXcNaj3MH5sFIeMqzdD7KG03O4hg5NHx8FAWanF12VvpVMR/VVqDxa1XK5qOChTH3cX6s/ag3UREBERBo31ZPK0HtjOMTeY9+Y7V5yWxl2L1Ree9IbJgtJaMg50jkRiy9XYgjeXaN/LirD0Mq9Vzdzp7CPgVCUWuJeHMgA9V3pDv9yk+iOVSqPw+tyC62TzAN3V/Tl7FmWCyaEbnO8Ti9qzoCIiAiIgIiICIiAiIgIiICIiAulZstcN4I8F3RB5RarNDDyVcIV/vGyQ14jSR3KiObmg9Num7zVsdkb9kNa9x4YTpxzVoAUT0YaRZqLSIIpMBB2GBkVLoCIiAiIgKrdN6MCnVGwweWoHi5WlRnSKy+Us7wBJHWA5a+BKCoOaIBBM5yMojZHzvWfooP3lU8WjxctA1oYAW5jU7TlGu7apjoxQLWknVzp7NntQWuy/a/F/a1Z1gsv2vxf2tWdAREQEREBERAREQEREBERAREQEREGjeVga9jzh62ExxMZSNqoNwWJgqhzw2QZh2wzuK9IrVAB1uS8+sFQNtDsOQLiRHNBfrPUGGZgb9AuPrtP/cb+oKEvXNjHRMEiBnqPgtBlVBb6dVp81wPIgruq1ReFJ2a1EcRx96CSRdWPBGS5JjMoOUUdaL5ptybLz93TvPsWt/10/7X9f8Aig0bdZW+UccI1Ozis93NzXW01/KOkCOE7VvULFiaIcW7yBme/IdyDfsnmz953g4j2LMulGkGtDW6AQNvidV3QEREBERAREQEREBERAREQEREBdajwASdBmuyg+ld4eSo6TJADRq9ziGsYOJcQghOknSJjf4j8IMtY3MufthrBm48gq9Z7W4vDm0agG94DB3E4vBWMXYGEOqQauGHP9GTJazhOp2wNgAHV1Fm8FBko2lzhJzgZMafadSsd2V69So4V6LW04kHbMiBM57dg0XdtjGzI8Fs0qjmZPzHpbuaDM6yRmzuPsKyWepsKz0zOYStQnMa+tBs0KkKNvas9z8LzDdQ0aEbzvK2LO9ZLdZ/KMIHnDNvPd2oIhsLIwhQbq73GGiNkn3Lq6hUiWvM8hHhmirKxikLJUI9yhLjtZqM6whzThcPaOxTNJBKNdIkLla9mdmR2rYRBERAREQEREBERAREQEREBERAVY6T/wDk2UkEspufaHACcRawspNA2uNWqyBqSArOo293taWPcMqYqWh3FtNmn6nNPNoQVTpLQw0nOtNcsqvEsoU3lmH8zeu473SG8Np89d9YaZp1qk8axf8A01CQe4q8X/dLjTNV5xVHdaoeO4bmjQDcFTXtzQS109K6lMhtpbI0LwCC38TPaO4aq+WOuyqwOYQQRMjPVVqlczK1FoeIcB1ag85vDiOB8FE3daKlgrllT+GTLh9kSf4jT6J27szkQ6QvzZpn7p8FINK1abg9sjMELiw1IJpnUacQgzWlkHEO33rNReuSJBB5LWs7oJadRkg0b2sgbUxgZOz/ADbff3rWw5KdttLHTI2jrDs+EqGj3oOLnZD3x932qap6qMupnnO3kDuHxUnS1RWwHwQeK3VH1FvM0HIIjsiIgIiICIiAiIgIiICIiAiIgKLv+kXUyBq5lWj+um6O9zWDtUosVqo42FswdQdzgZaewgFBDuaKjN4InsK87vy7DSrFsaw9sSYaSQJOzQr0WwECWERBMN3CfN/KZbyAO0LWvqxDyb6jGAuglwJjEInXfkCg1LtrMczqyCOq5pEOaRqCFo9ILKKtMmOswFzd53t7R4wq5dV/eTqOc8SHNa0xl5swY4Ax2BTtK/KT9D3oHQa8Za6iT5nm/hOnqI/LO1TV41cD2PGwweSo1wHyV4uY3zcT2DkHjD/TPerffVXKEFgpvkAjbmte1CHB2/I8x8PUtO4rTip4Tq3LsW7bfMPDrd3wlBsUHqGrtIc4ToSB3reslXILFUZ1y478kGSzswtAW1RWm1y2A+EVmecx2nwj2qSaMgoqzHE7ub7T7O5SyIIiICLGK7Zic9FkQEREBERAREQEREBERAREQRd62Mz5WmOsMyAJJyiQNuQgjaANrWrAbQ2pRdGuEy2Zy0kHa3j2ZEECbUZb7oa+XMgE5lpkNcdC4FsFj4yxNInbKDxe0MhxG4kLpQYXODRqTrsG8ncAMzyVj6RdHHMfNNlUz5zTD8J+64AEjmJUZZrntDpDaeEHqlzurl/yI5DmgzXD+8tr6g80Fz53YndUH8uLuVgttoxv5Lpd91ijTwNzJzc85Yjy2DcPiVk8hCDcuKpFSN4Pgpu1VOo/8LvUVAXcIqDgCfYtu9LTDMI1d1ezb88UGzYquQKPr5yoareAaMIz3n2LWdeBKKsTLQshrk5DU5DhxPAfOqrlK25wMzu9+4fOasFC77U0MqUwyTm5rjD42NAIgDbrKCYucAtDmzAkAkEEnac/XxUkoUXpXb/Es7/ytLvFmILn/ru+k/8AS/8A+URMqt9JekBpVaVBgzeYc70RoAOMnVbLr2quypWd5PFpaO98BQl7XTWfVpVX0iajZPUIc2ToHHZGXBBO2B8ubzJ8SVMqIuax1GwarQCBEB056bOCl0BERAREQEREBERAREQEREBERBr2yyNqDPI7D86qBtdiezUSPSGY+CsyIKU8LWqDYNdw1Ku77JTOrGn8oXelZ2N8xrW8gB6kFUsN0ViJDIJ2vOGOEa+C3R0WDgTUquLztaAGtG4A59sqxIgp9foWfsVhyLCPEE+pan/ZVec6rAPuyD2kg+EK9ogr929FqdPz3YtuEDC3t2lT4ECByXKICIiAiIgIiICIiAiIgIiICIiAiIgIiICIqj9IPTNtgphrAH13gljNjW6eUfuE5DeZ3GAtVSs1vnEDht7liNuZvPcV81Xn0mttdxNS0VBJnCxxpt7mnPtJWhZqForOLWOe50YoxmYkDad5Heg+o/rzOPcU+vM49xXy3eVjtNBwbW8owkYgC45iSN+8FSTeid4mP3T8wHAGqwEgiQYL50zQfSX19nHuKfX2ce4r5brWO0trmzuFTywdgNPES7FuyK622zWil/Fxt01f6QxNkA5SMxOqD6m+vs49xT6+zj3L5Ndaqn+4/wDUfeutmdWrVWUab3F9RwY3E52EE7XbmgSSdwKD6ktfSGm0lrXNxASQSCWg6EtByBjIlRZ6RyfOdzyA9io922KnQpNo0BFNpmdHVX/aqP3uPgIAyCkaMIL3YLxe7MHFwMesKVoVg7gRq06j53qhWJ8EFuR3jI94Vvuu1eUHW89o1GWIfOvYeQSaIEQEREBERAREQEREBERAREQEREBfMV/379dtdeuXSHPcGcKbThpgflA7SV9Or46vWwPstprWd0h1Ko+lnlIa4hru0Qe1BOYQpG4h+8dHoGYcW5S3aByVLFodvUhc16+SqFz5ILHNERkSRBz5FBcLfUouf18Ic3Ewhxe4g7pwnQzoSMzzXNrttSpgZZqz2y9lIBtWqILgQ0ZgZZHTTuVad0gdJw1ajRsZ5Ok7ANjcRMmBlJzMLDab8eQ2Kjy9r21GuLGMwYZ0w65luvo8UHt9o6I0mUH0aDKTrTAm2WkhzzVMO6uJrpMRlkAHjUyvJ78ouc3E7quZUdQq08RLWvGjmAk4QYcIGQLMoBAEtfP0tWp7musrW0CaQZVkCpjqem0OENjQbY1mBFRvW9hUAbSD2gudWqY3Y3OqPiQHRmxsHDOfWcSTKDDWprd6GM/1rSdRTqEcCQGH+lzu9RbaT3NxS0AzGJ7WYo1w4iJGydJylOjtt8jbaZqZDEaTpyjF1c90OjuQeyVBBA+6097Q4+JKy0nJXh9OnVb6Ipu+65ggd7QD37lgY5BLWeop66bXhez8TW/qOH2qrUai37LaYc3gQ7uzHjCD0WmdefxXda13A+TaXanrHhOg7oWygIiICIiAiIgIiICIiAiIgLguC5XUsCDq6u0aleXfSx0CbbT9bsZaLSGhr6ZIaLQ1ohvWOQqAZAnIiASIC9PdZWnULE67qZ2HvQfH1tsr6LzTrMdTeNWPBae46jiMliBX11a+jlCoIqNxDc6HDuIVVt/0O3bVqOqFtVhOrabwxnMNDYHYg8Cs97ljWDyVJ2CYLmyZkEHn1Rmu4vrIj6vZ4OwUoGQgbea9x/YldvpWj+b/AIp+xK7fStH83/FB4Y69pBHkKOc/+sCJEZRpvy49kdK+g/2JXb6Vo/m/BP2JXd6Vo/m/BB4MXMe1mJ+AtbgILXGRicQW4dvW0MZ5znlqXjD3FwBAyAnWAA0TxgCeK+hP2JXd6Vo/m/BP2JXd6do/m/BB5L0T6aOpDyVYjQNOPzKgGgcdjhsd8m5U72ouzDi3g4Yh2Obr3BWxv0LXZEFtV3E1XT4EBZ6P0QXc3JgrNG5teoPU5BURejPsmTwBA8VbOit2hzhVtLmtaM20y4YnnZiGxvA5nlrLXR9H1ks7i6l5TERGJ9R1QgbhjJjsUs24KY2uQb4tlP02/qC7is06OHeFpsuimN6zssTRog2A4b1yujaYC7Qg5REQEREBERAREQEREBERAREQEREBERAREQEREBERAREQEREBERAREQEREBERB//Z', '2025-11-29 16:13:18', 302, 2, 12),
(7, 'V-Series Smart Watch', 'Tracks heart rate, sleep, and GPS. Water-resistant design.', 249.50, 'data:image/jpeg;base64,/9j/4AAQSkZJRgABAQAAAQABAAD/2wCEAAkGBxMSEhUSExMWFhUWGBoaGRgXFxcYFxkXHxkYFhoYGh4YHSghGh0lGxcWITEhJSkrLjAuGB8zODMsNygtLisBCgoKDg0OGxAQGzUmICU1LTc1LTUwNzc4NzYtNzgrMDUtNzA3Ny81Mi01NTArNzUvNysvNy8rNS8tLSs1LTUvMf/AABEIAOAA4AMBIgACEQEDEQH/xAAcAAABBQEBAQAAAAAAAAAAAAAAAwQFBgcCAQj/xABLEAACAQIEAwQGBgQKCQUAAAABAhEAAwQSITEFQVEGEyJhBzJxgZGhFCNCUrHRYnLB8BYkM1NVgpKTouEVQ1Rjc7Kzw9IXg9Pi8f/EABkBAQADAQEAAAAAAAAAAAAAAAABAgMEBf/EAC8RAQACAgEDAQUGBwAAAAAAAAABAgMRIQQSMUEiUXGR8AUTMmGh8RRScoGisdH/2gAMAwEAAhEDEQA/ANxooooCiiigKKKKAooooCiiigKKKKAorkuNpFcNiEG7KPaRQK0Uxv8AGcMnr4iyv61xB+Jpt/CnAzH0zDz/AMa3+dBL0VX7/bjhqGGx2GB6d6hPyNL2+1mAZcwxmHK9e9T86CZoqCHbLh8x9Ow399b/ADqXwuKt3VzW3V16owYfEUC1FFFAUUUUBRRRQFFFFAUUUUBRRRQFFFFAUUU24lj7eHtteusERBJJ/AdSToBzoHBMa1UON+kfBWCVVjeccrUFQfNzp8JrOu2HbG9jiUUm3h+VsHVh1uEb/q7Dz3qqtYnnQXni/pbvsCLFu3b6TLkecmB8qpXG+2uMxid3dv5lBnKFVVzDTUKBMdDTf6EOpr1cGooIwQYkCRroOdLNc9nwH5U++ir+5NH0VaCKF1nWV/CKcdyPCzmcuummv404u3bdqF+AUE/hTVr2Yz05dPb50DoYsiSiqk84BauHuFtWJPtJP47UgXAE0wv3GbyHSgkzdXYsPiKMOrW372xcazc5PaYqT7cp1FQwpazcZdRp+FBtHYD0mMzLhuIMMx0S/AUE9LkaCfvCB1A3rV6+UrVwXB5/v8q1L0WduiCuAxTfo2bh+Vpj/wAp93Sg1uiiigKKKKAooooCiiigKKKKAoopjxvitvC2Xv3TCIOW5OwA99B1xXiVvD2zdutlUfEnkFHM+VY32z7W4rFq6W4W03h7skRkO5c/aJHLYe7Vp2w7RXr90XHDMh9QBSFSdcsHnpudTHlAirV0vtpQRq4LE9bQ97flXYwF/wC/b+DflVl4fwst67+5R+0/lUwO7suloYZbjONGYKYjecwMRoai1orG5aYsV8tu2kc8/pzPlRBw+9/Or/Z/zr3/AEbc/nh/Y/8AtV+4jw60TmyhfJQFHwAqr3sCUJJusw5AhRHvAqWaJfhzAEtfgASTlAgfGmnDsK91S/eMqz4dNSOp6UvxUFlK5tDEgk7TO4qSQE2sq5UKEjOZKwpKsMoGgEGCNaDi3a7q2YJJgkk7k8vyqGvW515j8KWs8QZ2ay8TqsqQVzA6QeYJET51zQQ2IZmOmwoGFMev8v8AOle6I3NIG1cLZQ0dNBQdfR4+1PwoVCeddfQLn85/hr02CBqZPWIoOrQKkGnt0yMw5fL/APKYovME1I2Rp7aDcvRd2v8Aptk2bpnEWQJJ3uJsH9vJvODzq8V8wdlOLnBYq3eB0ttqPvWjoy+ek+8A19C8N7V4PEOLdrEI7t6q6gmBJiQJ0BPuoJqiiigKKKKAooooCiiigKzr0y8bt2rFrDt6118xjcW1EE/Fh8DWhX7yorO5CqoJYkwABqSTyEV829u+LniOPa8hItQEt5tIRZMx+kSzRvqAdqBLH40X2VLQLAGQcsEmI0EmBqak7WB7q2blx1UgAhSRrqJEkxmiSAJmIphw+8LYKWAJ2a42onoPvGeQgD26Url1zElm+82re7ko8hA8qB7Z4+4/k7J9r+H5aH5U/HEMfoTasqY0DMFaDGweG1gVHrd7pFcfyjyVP3EBK5h0YkMAeQUxuCOcPw43ASXUORIQlc7SJBgmfFsOZLJyNTx6qbtP4S2J4/iVJW7ZWRyBZW/xCurLLftg5wt05iUmYEkAddoJI01qPwl43R3Da6HujzV4kKP0XiI6kHrMQ9znSU1mfE+SnFrLLKsImRI/YetN7/F3NsKPC8ybisQW5nTZSdZI6nrTl8e0ZLoJBH2hrHI+Y896d8J4Vh1X6ReOZZIS394jmfvD5dZqFlbtvluBoABgiOVS9yJkbHUe/wDePdXnaC535LwqdABA00EnmYgTTK3i8gCXQQRzjdf3mg5xKkMdqb37mVSRvS7s1xAyDMRvCsBG06jTao+7buE7UHi37zbII9h/Oula9zQfh+2vUe8ogAR7vzoL3/3y0Cgbzjyp9gL32SZ6GogWbkyd/dSqWbnUCg94ze8UD9xU32Yxz4drF4TNpg4HNoOo9hEj31ELw7QOxnWCPKpgUH1Dh7yuiuplWAYHqCJB+FKVVfRheuNw6z3gIy5lQn7VsE5T7I0/qzVqoCiiigKKKKAooqK7UcZXB4W7iW17tfCNsznwovvYgUGdelntmovLw5NU0+kkb+IeG2PMSHP9Udazi3gZzLmkAwWXnB2U8pG584HOvcXhg19rov8Afm4c/eFSrZ2GZ8ynZlJIgEjUQeVOxAEDYUEnwPDWi2VzlRQAFHViEWPJSwPuqPvwGIBkAkAjnBiffT3AWrLL9YQG8UHOBoMo1BP6ZOmvgOjbFjxQIrwhGWBzBI8iVZgTz0PPlqBWKz3TO1pnjWinFn8a9O6sx7O6Qn5k0tZtXjlIsoWAXK5JmB4VMC5lJWANVMQAw11agd+iqv8AK2wQF53EksAvV1JIy7kERMRSWJ4jdZTYFrLIVcircnQg+qWOsqDtuWIgs022yrOo17nHCSfpFkdLiE+QVgzH3AE+6mWAxapdtu6yiurFfIEEjz9lL3v4urBo751K5d+6Q6Nm6Ow8OXcAtMEgUz4ZibasTdVWELGYGJFy2TsDAKBwTB0nQ7FtGovv3Twme2vFUum2i3e+K52NyANHIZbYj7o0P5zFas49kIEkoJ8MmIO8A6A85/zp7jcRhxauqpVna4ShyZWCSkDS2oAgXNsu48OvggHeiuDDGHHFK+n7rp2eweFvi8+JuhQigoGZktQ2guEr4nZT9jwyQFGbMcqHGbYbDgMp76wd2RrZvWDs+VtRKw3u86h+y/Ee7ugxJXMV1gwVKtlI1VgDmDDUETVt7W8Pc27d1r2e7cUtBCW/CxNxcqk5yGZnbM0AZwIGoBsjexV+zlfDX7ly3bvGVdCcshWylwASyhshI0230FMcTakE8x02/feotrTW2yEDMNQFZWjnoUJUx0mpK27Or3fCS24AjU7nKNAY59aBpRSV+4VBMbUz+nv90fGgkK9Q1H/TW+6KdqTQPrAmV+8PnUp2Tw9u/ibFm6SEe4qNGh1MR5SYE+dROAEkzyiOX4V5gcUbN4PuUcN71bMPmKD6utWwqhVACqAABoABoAPKuq5tuCARsRI9ldUBRRRQFFFFAVk3px4mT3GDU/71gPelsf8AU+ArWawvtV/GeJYq7mhbBgHLmA7sZYiR9pXO9BAYfBHMUWPAsEkwNxmPvcgR5Ut9EOsNbaATlBMnQnSV30POuuD4vIzMSuYifESqkzJEjUameWx1mn+K4xKnObeaNSrMS0K2UAZY9d3Mzs3lQMuD8BvYs3Fs5WKKGgsFLKWyyJ3jUnpEbkAscDw9rylkZYBAgnXUgDl50nw7ir2HW5bZldZKshAIkQRqCCD0IpPEcUzXGuk3e8YyzB0WTvMC3G9JjjgraIn2o2kj2VvGfEmhA3O5iOXmKkW7L48q4+l+FAJHe3YIOwAqq3eNN9+//fD/AOP2U1vcbuGfrb+u/wBcdfbprXNamefFo+TS9sU+KT84WbF+j2+guTet/VqGMB9dCYGnlTTF9hbid5N5fq0zmFOo8em/6B+NVi9xa4Zm5dM9brGfbTS7j3O7P73Y/trfFFoj253+jiyUzWn2b6j4bSeK4G9rEdxdMSrsGXUEKjOIkiBKwelPP4JgMyubhKsACivDfVsTp3LEHvABGpCNmykCTx2e7MXMWZZsoiZYsdJg5RPi10MERpJq2WPRhbvLcAvEMjBQWSQfAjaw0j1o3Nc3UfaHTYbTW1tfOf8ATtx9PlmkWnn8/ChcZwIwb2GViSVDMDBGykhTlGZYYiRIMHWZVb5YxFsYfIqNJU5sptqHMllZmyF2gZRkzBfDPOs47QcDfCuVYSsmGHqsASsqYGZZBE1cuxDi5aChdQoJ1YyQcpOpMa9IrqraLRuGbvhfErhS4FtWCCAfrALgIkyQTCjSd+nvpqMOCSBIG8AwBupAgxup+NTXD+yrorlsR3dskmQIZVkn1iQF+HsqGxPF8IlwW7T3bgGYNcYA5ickEbSJ7zl0ipEfj8GEAbWDoZ+P51FW3U7JoZgwADAnn7KsnEr1u5bKq0NpEqeony2nnVc/0WIjOYHKKC9Yb0UY+4quq4fKwDA97oQRIIhDyqpcY4ddw157F1cty2YYTI5EEHmCCCPI0vZxjooRXuBVEAC5cAA8hmgUzxALsXZmJPUzyjc60HeBvwYPP8a8xKy5HWKawetKJYlkJZtZ6cvdQfTXYDHtf4fh3YywTIx6lCbc+/LPvqw180cO4netG2FvXQiMCFFxwPWkiAeetfS9AUUUUBRRRQFYJgmz4PHYk7u4H9thP/UrdsWfA/6p/A1hGEcf6Gvf8a3+Nio3zpeKxNZtvxrhWGepLDdm8Tcw1zFhMtm2pYu5y5gN8gjxe3bzqFd6uHZ3id27w7iYe4zLaw9hEUnwque4IA2kwJO50napURPBey13E2u/N2xYtZsivfud2HufdTQyeX5wag+O8Ou4W8+HvLluIdY1BBEhlPMEEGfwMirB28bLguFWx6n0Q3I5ZrhVmPtmfjUj2yxWFXEYO5jbT3c/C7crbbK3fHN3bE5hp6/y0MUFb4D2XbE2mxFzEWcLh1bJ3t8wGuROVBpmgbmfjBhvjux2KTHJgAFe7cg22Vvq3tkEi6GjRQFadPsnfSZDtj9Xwrg9sHwtbxF0+bs6GfdnYe+rRa45ZwbcDu4gwj4B7TuN0RlQI2msA/ImgqXGOweSxevYbHWMWcN/LpakNbGxYanOBBk6bH2VVuB4Xvr6JBMkbRPunSYk+6tH4dwHD8N4dxLFLjrWKF2ycJbNoeGbnImSC8FWKg+EA9aofYnEBMUhMnXYbkkMoj3sKpltNaWmPMRK+OsWvET4mYWftt2k+jpas4abdxQdcpVkSMuUBhrm3n9EEawQ47ZYIcLsYfE4Til+9cxOpVnlXtG3DOQD94BddddNVmq/23tE42y91ctu5kBlgPCGhwSNF0PInekMfgcILblDbOW34fr5ckqpUqueJ7w3cywfDbHhlwx5OjwY/uY43vz6ujrL2++mJ9P7LPxrFJjsAtxbRGVQdBCW48LqCYzCAfVnYTtTP0X3VQnP6oRwYBP215DU69KWw4fC8L7u6kZkOoI0zkmGBgggMdp2pD0Z2i50MaFtfK8hPyU16F8MYYise54n2XPd3xP4e6dTvfC09sMQLmHJtFzbUNnIzodcsaMBOh9mtZtwvCm7chEEeqYVmjTViFk6DXStD7WYl8NhblqM4uKmoBjTu01PIkq3Os+7OtcF1zbYrE5iADAMHWSPu/KqV3rl6eSKxaezwsKcMFuznZSzgZnEHwjbKR9kgkDfcGoq+kEgbcp0MHUT0MVJWeNXLV28jtmDoVKQAjrnJMiOclpEEHWaR7TPaGIcWrmZIWCwAYSoJU5YBgmJjWKlRGGuTXJuj7wrhrvQgnlQJ8zS6f6v9Y0lcQjWi2zEDYQZHtoJW5sfZX1FYfMqt1APxE1lHod4bYvLf76zbutbZCrOisRmDSNR+iPia1oCNKD2iiigKKKKDm4sgjqIr51wTn6BibR3VlYj2FCf+Q19GV87cUtGzxLFYUtlS5ddWEL6r5mTcaaONutBU7lypvgfGrNnA8QsuxF3ECyLYysQcjszSQIXQ86rtwNJUjxCZA1gjf4a02Ynofh10HzIoLvZ4pw7GYTDWcfevWLmEDWwbdsuLtkkEKMoORgABJ8zrOjDi/aDB47G372KW6lkYc28KluMysgAtBuWsu3STBMDWpG25MBWJIkAKSSN5AjaNZpThvCb+JcpZtliBJ2AAmNSYG+nuPSitrVrHdadQtXCeM8PxOBs4PiLX7TYVnNq7ZUPmt3Dma2ZBgztpGi+YqF7b9okx2IQ20NrD2baWLKnVltLpJAPrGSYHQDWJpjxPs9irDKlyy4ZwSgUZ8wG8ZZ2qNXC3GOUI5aCYCsTAJBMRMAgg+yhS9bx3VncLH207RWryYfB4QOuEwyeHOAr3Lra3LzgEiSdukt1iqzhcQbbhxuDy3rpsFdBZTbfMglhkaVXeWEaDUanrXC4Zy/d5TnmMp0II3BnaNZnaKLb1y0Oxj7OPVVvZYA9UmJfmwPKBy31PlSmB7PYKzmuMYIYhWd5ynkVHNgdtDVFfCPbBZbd4qAG7yCqFToHgofCTsSdflXF61fyljbuhQqsWykDI0hWJCjwmDB2MGrdN2YJ4jf5J6/LfrccVtOp/mjzP19Qmu2PaU4iLY9Vd45tsW8ucDkCetWbsGndW5OnhUfGWP7Kzbh9jvLqJyJ19m5PwmtSxmGuph8yHMDbB0cMULjwhxmLLoynUDcAVN72vbut5Y4cNMNIpSNRB5ifo3EPqTdVCVMOQJHMRmiRIGgNUrEcBxOGvMjKxPJ7RlWWSA2msSDoRyPtqQwDWrdoBlYsWAACnPIGpAlT84iBrtThL+p8gB56a6+cswqjVFmwUMsDPUgz86a3LCEkkanXc/nU1xG/mULO5n4UcB7HY3HZ7li2ndI2XM5iWgEgDnEjXzoIL6Nb+78z+ddpaVdQsVaeMdhL2Dw7Xr9i1IYfWh7uYFjAAXPkjlqvOqyQKDlzXNncDzroxWldkPR3YUDEY4h0axbuBWYqi96TEwRqAI9poJr0IbYo8vqv+5Wo1WewnALeCt3raKB9c0GPEUgFATzgEj41ZqAooooCiiigKwz04cNazjbWKQaXlA0H+ttkAe8qbYA/Rrc6rXpA4RcxGELWNMTYPfWCACRcUEQJ0llLKJ2JB5UHz5j8a2GxDXgmt1GBVtMryA6sImVdZI0MncRTPD9ont3WurbXxKgCkk5chVlM6SQyK09RSVib9trRJLSXRiTJY+sCT96efPzqDaZjnMa6a7aztQSuK4zce4LgUAqjpuT64uBjqZGtxiF2EAdZnOzPbU4a9cuNZBW4oEKdQc73CfEdZa453006VFdq+zgwl+1ZXEWri3bdpw6tKgOqyzGIC5s5G5ygE7103ZROePwn94KmHJ1d8Pb2ZZ4n4+nwSHbHte+Me2bdoIEVx4mWWLIbc6HSAetQt/i+Ie4bpFkMUZPWtgZWuNdOmbeWInp5604/gpb/AKQwn94Pzo/gpa/pDC/2x+dTpz4uq6fFXspPH9NiKcTv9898rhy1wKCDct5PCFAOXvAD6oMGQDqIgU04jjTLsSpvXf5RkjKBpIGUxmeJaNNY0kipL+Cln+kcN/aH50fwVsf0jhviP/Kml/47DPm3+Nv+G9rtMEsdylqBkUeJldc4DBng2+ebadlVdVlT5ju1L3LTWwgUOoDbN4plmWRKzoIB0EjXSG3F+D2rJUJirV2QScnKI0OvOflUfgcIbjc8q6seg/Oqu3HkrkrFq+J+vVOdkMDmYucoAVmYsWCi0gz3CcgLagZfCCd6uHarilrNbItgZlVi9tQxKkEoUOZFdIaNUtsMgB1FJcLwwwuFe8wVXe0r2ryFS9kEBEWDFxQGdQblqRnuZHzBWAiOPMwRGuuXv3vE0mSiAAa9IEAD2gbUXcJx+8Fa0twBCxiLa5m13MkxpHP30niXuW1DZpnkRqSTrz351zhsAXtG6rJAYIELRcYxJcAfYXaepiDFe8WtIEVVUhs4g5iZ0IMjzJU8tvOg4vF21JXQVZOwnH7828FbuXUa7cPdxdKW5IkzAJGoOvntVTul1WT7KkeCYr6NiMPiQJaywbKTAbyJ5e2g1XjfYfiuJtNafEIVMGHxF1xIIYSDbjcVlPaTs9iMFeuWXVnFrLmuIrm0Cyq0ZiIHrgaxuOtaV/60Xf8AZLf983/hVa7R9uruLt3rXdpbt37qXHAJYkoltAsmNJtK229BSEtEiZrafRZxB79trV5zcUWbYVXykAW2KwBG2q7ztWNQ0Tyite9DaA4cXeYu3LJPkUW8P2UGr4VYX2maWpLDerStAUUUUBRRRQFFFFBg/pT7JfQ8Q2JtL9TiGkxslz1mTyDGXHvHIVRsVwf6SpdI70bifX059G8+ca9a+n+0fClxeGu4dv8AWIQD0bdW9zAH3V8u4S5ctPJlXUwwPUaFT76CtYsOGK3MwZYBDTIgBQNeQAAHkBSBrVe4wePULfXu7sQHGh9zbEfot/nVZ456PsRZYC0VvAjNC+G4FkgEqTEEqwEE7Ggr/B+EtiDcysqi2hdiQ7eEEDRbasx1IkxAEk1LYnsXdQXZuLNpA7ApeE+C7chSUgjLYfxeqTAmmOCGKwbl/o5DfZNy0SUYGQ6EjRgfceYNd4/i2Jvhx3eXvSrXO7RhnZc8FtTP8o2m23Sgg68qX4d2cxF50TJkzsqhrnhUFjAnSdyNhVztdksJghmxD99dGyR4Qf1eftbTyoKVw3g7OO8cZbe8nTN7PLzq547hKW0FzDhe4aD4ZMGI8Umfy198VxjHNdOvhXkv4T1pLhPFrmHJCnwNoytqvTNHI/jQeXr3dgKHYIWDG3mbIWGzlQYJHmKRxjXLk3CD4oA0+xvSoAxF2YCpyUchvJqZPwA+QoPOyvZ7E4mRZtNcKwsgQokk6sYAneCaisXcIvup2tMyCNswOUn5V9G9j+GDBYC2H8LH627PItBIP6q5V/q1853rqvcuXIgO7MB5Mxb9tAjib4YBepFd8K4e+KxK2A6W87AB7hhFEElifYDpzMDnTa+QHzcgv514uKUjX9tApisLku3bMz3dx0zD1XysVzL5GJGp3r1UCzrM14Lk7ftr0axNB018VrPoOb+JX/LFg/G1bWsgxcRp1rT/AEKcSRLd7DMYe5dtXEn7QnIwHmAk0G04NpB8jHyB/bS9R/A9bIf+cLPP6LElP8GUe6pCgKKKKAooooCiiigKw7ttgjY4hiMgYK8OdNDnEtOm05vn003Gqd6Suyz42xmsx31sNCmMt1TBNs+egidJ33kBiFm4jO2QgqGMRO3v10mPdU9gSdPKqWWKMfq1RlJBGXKQQYII5EHlStziDsNSfcWGusbHT1jr50GnYZjGpPvplg8cl9SQBIJBHlOh94qmYDtJftEa5x0csfnM0+xXbJmEJYS2eqsT+IqJ3tpWadlomOeNTvx7/mmcbbqAxlveobG465dPjdyOmYhfgNDQMW0QSSPNm9m8zUszvB2gbmh8awVA1OrAEgRvln4mlO0BXLmJUXT4WzBs7KdvKBDanXUUxw75RmQAEH4eY515cxOY5jbtljqTl1J6kzrQPuG2wtuQBqY/P9nxqydiOGDE46zbIlQ2dv1UGaD5EgL/AFqgLFzMimANDtt6xrRvQxhZv37v3Lar/bYn/t0Fn9LvFxh+HXFB8d8i0v8AW1c/2A3yr5+7yF2Ggq9eljtAuJx3dAzawwKabG6Y7w+6FXyKnrVFxN0MQiDfc9BQNLIkeLd/w2rv/Ry6abeZpU4QMwYHQCIG1PFtWgBK3Z5xcUCffbP40DFrQHIVyBTi+FBlcwHLMwYz7Qo/Cm165lE6GgbXZZsvnAq28BJTF4dbZhmZLanoxMD/AJpqvcFw7XLmYCTMADmx0AH78xX1B2e7P28PYs2yoLW1Enq+7N7cxMHlQS9m2FUKBAUAAeQ0Fd0UUBRRRQFFFFAUUUUBRRRQZn6UvR99JnF4VPrx/KIIHegaZh/vAB7wI3ArG/opQlLiFXXcMCrDmJB2/wAq+sKyH0r9iijPj8Osq2t9QPVPO6PI/a6HXmYDLu5HT8aO5HT8a87yulJNBz3C9Pxr3uB0/GutaNaDxbQG1cXLAgwNffSmteM0UCvDroyRI0PUHQx085qzdmu1d3ApiO7Em7bhei3Bor+YAZpHOBVTssFOwHsFPhQNLlxVUs3iI1J1JJ5mTuSaRNrMpJIR3EAdF/HrrSuMuZTLsAmkCNSd4NNvo4zm5nMnaQNB0+FB1h8MyKBnHwrsg/e+VeMx+9/hrggn7QHmaDxs3KI8/wAaYX7xY5AOce00ti77oQM4M9KkOzvCHu3FCqWu3DCLzk8z0/YJNBfvQ92a7y+LrCbeH8RPJrp9Ue71vcvWtxqJ7LcDTBYZLC6kau33nPrN+weQFS1AUUUUBRRRQFFFFAUUUUBRRRQFBFFFBk/bz0WZi2IwAAO7YfQKT1tE6Kf0Tp0I2OSXg9p2tupR1MMrAhlPQg6jSvrOoPtP2TwuPTLftywELcXw3E/Vbp5GR5UHzUVBINCtvodKvPHvRLjLDFsMVxCdJCXY6EN4T7QfdVUxXB8XbJW5hMQh/wCE5HuIEGgaBqG1pK5dyHIwZWG6sIb3g6173w6H4UHF5CD5UphcXGjbfhXgxA6H4UkwU7GD57UEpdtK6wQCD+81H4i0yctOuv56V5ZuPb5afL3U+tYpW5weh0oIlrsHUj2Sabu4bRU1PSSanGw9pj6qk+79lWDgfY7FX4FnDlVP23Hdp7ZI8XuBoKnw3hJkFhmYkZVGup223M8hW9+jnsb9EX6RfH8YcaDfulP2f1jzPuHMl12O7CWcFFxyLt/75HhTyQcv1jr7Nqt9AUUUUBRRRQFFFFAUUUUBRRRQFFFFAUUUUBRRRQFFFFA3xmAtXhF20lwdHRWH+IVHfwSwH+x4f+5t/lUzRQQv8EcB/seH/uk/KuG7GcOO+Bwx/wDZT8qnaKCAXsTw4bYOwPYgH4UtY7KYFDK4SzPU21P4ipmig5S2BoABHQRXVFFAUUUUBRRRQFFFFAUUUUH/2Q==', '2025-11-29 16:13:18', 101, 3, 0);
INSERT INTO `Produit` (`product_id`, `prd_name`, `prd_description`, `prd_price`, `prd_image_url`, `prd_added_at`, `manufacturer_id`, `category_id`, `prd_stock`) VALUES
(8, 'Apex Gaming mouse V13', 'A lightweigth gaming mouse that is designed for gamers', 36.99, 'data:image/jpeg;base64,/9j/4AAQSkZJRgABAQAAAQABAAD/2wCEAAkGBxISEhUQEhMWFhUVFRUWFxcVFRcQFhYXFRUWFxcXFhYYHSggGBooGxYXITEhJikrLjAuFx8zODYtNygtLisBCgoKDg0OGxAQGisjICIsLS43MDUtLjI3NyswLTctLjcyLTYyKzIvLy8rNS0vKy01LTUtKy0tKystLi0tNi0tLf/AABEIAOEA4QMBIgACEQEDEQH/xAAcAAEAAQUBAQAAAAAAAAAAAAAABAIDBQYHCAH/xABEEAABAwIDBQUDCQQJBQAAAAABAAIDBBESITEFBkFRYQcTInGBMpGhFCNCUmJyscHRQ4KS4SQzU2OTorLw8RZEg7PC/8QAGQEBAAMBAQAAAAAAAAAAAAAAAAECAwQF/8QAJxEBAQACAQMBCAMAAAAAAAAAAAECEQMSITGRBDJBUWFx0fAFFCL/2gAMAwEAAhEDEQA/AO4oiICIiAiIgIoG1dt01KAaieKK+nePawnyBNz6KB/1ps3CXfL6Ww1/pEX4YroM8i49tjtsMc0kUNIx7GucGyfKMYe0aPAYwixGdg4+9Y5vbbVOOFtLDc6C8hPwQdyRcSi7cJr4XUsF+ffmMDzBaSslT9rFTk91NC5h+pI63lj8Qv6IOtotLou0qjcwPlEsXP5t0wHW8YJw9SAs1s3eygqCGxVULnHRuMNef3HWd8EGaREQEREBERAREQEREBERAREQEREBERAREQFx3tJ7T5WSyUVC7B3biySewc4uHtMjBuBY+EuOdwbWtc9iXlHbTBJPLl3c2NxkjPEkm72E6g6+qCLJK6Rxe9znvdq57i9x83HMr6GKy2NwV1riNQgqwKpgIvbK4LTbI2OouF871fRKEECTZLDpcev6q/sunkgfijfl9Jjhia4ciFMa8K80hBm6Pb3dOvGzI/RcbjMZjqNfRYKppGvc5wAAcScI0FzewBvkFeACqCC9szbFdS/1FVLGODcWJg/cdiZ8Ft2zO1jaEdu+iinHOxhcf3m3b/lWmtcoslcy5DAXO/u/zOnvQdq2T2t0UhwzMlgPMjvWe9ni97Qt32btSCobjglZK3mxwfbobaHoV5fY2Z2vds8wZHetiApdJG+N4lZI5rxo5l4nDoHNN7Zc0HqBFxvYXadVQ2bUsFQz6wtHKB/pf5G3mul7vbz0ta28EgLgLujd4JG+bDnbqLjqgzKIiAiIgIiICIiAiIgIiICIiAvPvaJsZhnla5ubZHYXDJzQTibY+RC9BLl/avsyz2zgZSNsT9tg/Ntv4Cg4hIJYzr3g/hd/NI9ot0dkftDD/JT6+PC4hQJGg5EX80EoPaRe49cksORHmCP+PVY5tK0G4uBra+XuWQjinw4xG9zBxtfhfIXxHIjO1kFbYwcwVUGKPHMx2eh5g2z8+Pqr2Jw+0Pcf0PwQXQSvpltqrXfXyAN+oLQPMn8lW1nE5nn+nIIKsRPQfH+X+9FXCA0WaAByGSpRBfEiuNkUW6qaUGQjN1IihzD2ktc03a5pLHNPNrhmD5KHA5ZKnKDed2u0GaK0daDKzTvmj5xv32D2x1Fjlo4rplHVMlY2SN4exwuHNOIH1XCoSFmt39qS0j8cRuxxu+ImzX9R9V9vpeV7oOwoomy9ox1EYljN2nUHJzSNWuHAj/eSloCIiAiIgIiICIiAiIgKFtjZkdTC6CQeFw1GrSNHNPAgqaiDzXvhsGaimMUzb3Du7eMmPFrYm9RfNuoNuFidYmhtaxxXF8s7HiOpAt716r25saCriME7A5h04OaeDmO1a4c/yXA99dxZ9mvEtu9p8XhktpfQSAZNdpn7JIH3UGlArLQ7XddpxYSGtZp4SGANF9bGw5W6hY8sBa55Jvi8znqXcvPmrQQbBL3E/wDWtwPIykZlfrcXDh53CxNVF3R8M0cjSbDC4Yhrq2/xHuCsxyEZDQ6g5g+nPqM+qjR0jWkkC3Ia29UGSjlBVwFToNjRGNgJLZHsEgcMjZw0IOTxcH0OVlAq6aSH+sHh4SN9n976h88upQVXX26tgr7dBXdVNKt3VQKCVE5T4JVi2OUmN6DMxTKbBUrAslV5lQg3rdrbRppcYzY6wkaOI+sPtD45jy6pDK17Q9pBa4AgjQg5grgFJW5rpO4G2v8AtnHI3dH0Ormeubh69EG8oiICIiAiIgIiICIiAiIgKiaJr2lj2hzXAgtcA4EHUEHUKtEHGt/eyktxVFAC5uZdBq5vPuj9IfZOfK+QXJ3MINjkQvXq0ffzs7hrgZorRVP1tGSdJAOP2hnzvayDz0AqrKbtTZctNK6CdhY9uoPwIOhHUZKLhQG1BFg65AsB9YAcjxHQ+ltVl6PbFh4/EzQu4jo4H8D6Fywzmq0bg3BsdP5dR0QS6yop+8Hyd1wQcTQDhHItvpxuBlpovocsS1gBJ4nkAPgAApkMyCZdfQVba5VAoLrSr7HKICrjXIJgchkVprl8cUEmOostg2HtEtcCDYggg8iDcH3rUS9SqGqsQg9K7HrxPCyUcRmOThk4e/4WU1c97NNrXJhJyeMQ+80Z+9o/yroSAiIgIiICIiAiIgIiICIiAiIgwW9u6tPtCLBKLPaD3coHjYT+LebePQ2I8/7x7vTUUxgmbnq1w9mRv1mn8RqF6dWK3l3fhroTBMOrXD2o3cHNP5aHQoPMLmKPI1bHvJsCaimdBMMxm1w9l7eDm/pwKwMzUECQK211lelCjuQTYpVfa9Y1j1fZIgmhyqDlGEi+40Exj1euoDZFIjeg+yK2x9irrwo70G87l7TMcjHDVrgfO3D1GXqu9seCA4aEAjyK8y7uz2eF6G3VqMdLEeQw/wAJsPgAgyyIiAiIgIiICIiAiIgIiICIiAiIgwm927cVfAYn5PFzHJa5Y782nQjiOoBHnPbezZKeV8EzcL2GxHA8nNPFpGYK9S4xe1xflfP3LUu0Xctu0IcTLNqYwe7ecg4amKT7J4H6Jz5gh5ulCivWQr6d8b3RSMLHsJa9jhZzXDgf10IIIyUCRBaBVxrlaX0FBID1VjUcFfcSCS16lQvWOa5SYXIMkFZkCriKqeEF7ZTrPC7/ANnU2Knc3k+/oWt/Qrz9Q+0F3Lsvf4JR0jP+u/5IN5REQEREBERAREQEREBERARFx7tL7RamGokpaZwYyPCHOAvI8/TAcfZA9nIXuDnog6ZtLeSjp2d5LURtbdwycHuJabODWtuXEHIgDJc82/2unNlHD/5JvxbG0/En0XHqaqactFMugx9ZtmodUPqZXF0j34nOyaSdARhthsAALcgumbj9qssdo6kumiyGI5zR+v7QeefXgufT04cLELEz0r4zibfLiEHoTfjdWl2vA2rpZGd9azJR7LwP2UwGYz42u08NQeCbW2bLTyOhmY5kjPaa7UciCMnNPAjIrP7l71T078cbrEkBzTnHIPtN5jnryXYZtm0m2YGCdhZI5rjG4Ed4wggOwOt4m3tcEWNxkrTHc2pctXTzeUW3747h1VCXOc3vIQcpowbAf3jczH5m46rUjGq6Wl34fLpdfERKoFX4nKOFdjKDJ07lJsoNOVkI0FdI3xBdq7MPp/cb+Jt+a47QxEvAAuSQABmSeQC79uPsZ1NB84LSPsXD6oHstPXMn1QbEiIgIiICIiAiIgIiICIiDUN/t9m7P7qJrcc0xdhBNmsY213u55kADK+eYsvOu06t0srpCbkkkk53vzW59qe1xUVziDcMvG3yb+rsR9Vos0digsOj4t9yv0tbbI/zCtql7Qeh5oMwx4IuF9LbrDRTOYc/5FZSmqQ7z5IMjsl7IiW4GlriLg31+t4SDfVbzvLWGOmbhJaSA2MAnwNx4nOa7g/vWSZ62DdMloMLC42aM/04rY9sTSthhjqYJHCF7LPvaKVkgMhja/61m5EXtn0V5nqarPLDd26Fsne9kMMIrHZytAMlsQz+k+2o4EjiDfmvm8XZZs+tHfUxFO9wxB8NnwvvoTFfCRnfwlt+a5ntD2GBkk0kYHh76xDAfYYwtcQLMa0HMZg5KfutvfPQuszxRE+KFx8OepYdWH4cwVFu++tJxmmM3g7KtpU13NiFQwfSgOJ1usTrOv0biWk1NO6N3dyNdG/6r2mN38LgCvWG7m8lPWsxwuzHtRuyez7w5dRcLI1lFFK3BLGyRvJ7Q8e5wVV3j0QqtkRXp2q7O9lSXvRRNv8A2eKD/wBRardN2a7KZ7NKD96WaT/W8oPOELTyW17u7p1tXbuoThP7R92R+eI+1+7crvVDuxRQm8dLC0jQ920u95F1l0Go7m7iQ0VpHkSz/WtZrOjG/wD0c/K9ltyIgIiICIiAiIgpkeBmVbgqmPuGuBI1AOY8xqFdc2+RWr7xbo9944JTFIMwc7X6Ob4m+eaDaUXIqneTbmyz/SYPlUA+nm7Ice+jBwDrI26zey+2HZsjMUzpICBo+N0oOdvC6IOv62PRB0JYjevanyaklmvYhpDfvOyHuvf0WHqu03ZLCwGrY7HoY2vlDfvlgODyOa03td3rhmiijppWSxkF5dG4PaSbtAuOIGK4+0EHJ9oz43l3VURuxDCfRWSviA9tjYqlSfbHUfFR0HzocwrZaW5jMfEK4vgKDI0G1nAYcVr8Rl7yM1kqaqkaLNe63LESPdoRbgtadHfNuR5cCr1JXFuR05H8k2abI+c4nOFgHXyAsLHhYK2FYgmDhcFXgU2JdDWSQvbLE8se3RzTYj9R0ORXWtzu0WOe0NVaOXQP0jkPX6jvPI8OS42+QNFybKKdoHEMIyvpqXDiEHqxFxjcnfx9M6OnqH4oHENBefFFc2BB4sHEHQaWtY9nQEREBERAREQEREBERAREQFpG/wDuBT1kEj4YWtqg1zmOjwxGR4BsyQ2s4E8TmMswt3RB5F2psaemeI54ZYXE2AkYQHHkx2jvQlX9p+EMhH0G2P3tXfFeiO0zajYKF97YpLMbfPqT7hrzIXmuaTES48SgtoiIDTbNXZBiGIeoVlVMfY3QUFfFdlbxGh+HRW0FKOAOvvX1fEHyOR0Z19eBWUjrXEHS6xrXW6jkVPimY1uLCguMhc/xONhzP5KmWvZH4Yxiechlck8gE2dFJWTdzjETAx0j5HZhjGC7jYan9VJoKGxqqrZk7j8mjaLyMHePa4O7x7PqWw3HGx152k+N8M7yf66Z5YWuEweWzsex4scLwWmx0NivRnZDvR8togx5vNT2jffVzbeB/qBbzaea8+T15mpYnyuJljlfGC65L43jHk464XX/AMQLMdnO8poK1kpPzTvBKPsO4+YNneluKZyS9lsLbO71Ki+McCAQbgi4IzBB4hfVVYREQEREBERAREQEREBERBzLtwo5nQwSxxvkjje7vQwF1g7CQSBmB4SL8MlzbZh2TVDDI51O86OGbPzH4L0ste2/uRs+suZ6Zhef2jLxSer2WJ8jcLPk4+uebPs24+a4Y3HUsvzjjdd2YTlveUc0VSzhhcGu/Ej4rTdpbKnp3YZonxn7TS33HQrrdd2QzwOMmzK58Z4MlJHp3sY082HzWLrtubaomlm0aMVMI1fgErbcy+MED98Bc8ntOF8zKel/DLOzW5HK18W+uq9iVouGupZDyNmX6HNvwCiVm4EpGOlkZOzoQHfofevRx4cspud3Bf5Dhwz6OTeN+s7evhqDH2yOh1VL22V+toZYXYZWOYftAhWWngfTp/JZ2WXVdsss3FCL6QvihL4r7M2EdD8M1ZV6lOdv955IJG7dayGoY6Q2ieHRS9I5Wljj6XB9FN2Ju981K8TuLCQ4Mid4JWMe8uEhJGgYTY/WbnmsBIzVvmFnqF7qamgwTBkc/fY5LDFG5uFskLb5AENjde18xZacfJhjZM/2s+nWXV82e3gZSVDIKMSsjc9zXQsjAc1mLEALNOFoN8+ZtrZaE5pBIORBsRyIyPxWzUuwCIGVEgFNSYwRLID3spaS5vdMvckjieHILDVUhqaiWVjCGySuc0HWzjf3qnJy3k5N6+DfU6N/V3jsV3n+U0nyV5+cpgAL6uiOTf4fZ8sPNdGXFexvdqWOpFScQY1jw4jJpLgBhJ+kb2NhphHRdqUKCIiAiIgIiICIiAiIgIiICIiAiIg1vb+4mzqy5mpmYz+0j+Zk9XssXet1oG0exueE95s6tcCNGTeE/wCLGLf5F2NFMtneIslmq4ka+roxh2pQSFgFnTRtbUxEDLE7DcNv1seitv2NsiuGKne1rj/ZuwH1jd+S7itY27uBs6rJdJTNbIc+8i+YkvzLmWxH7110/wBrLL35tp7NcOCdMxljzzvJsJ9JJgccTT7D7WxDkeRCxGE2vbK9r8L62XY95OyKqLMNLWmVgN2x1WotylaD7sI81zfbW71fRNwVVK9sYdiLgMceV7nvY7tFwbeLOwHJc1stuk8twuW8PDBKqI5q6+oje1xsQ44cOdwGts0NvxJBJJy9gc1empWhzy0+FgYb3EjXOdbIOHM3trk03soZolW3xHrmp+yN4TTtMLqeOoaXd5GJQSI5QMOIAagi1wcjYKPJAX4cOZ0W27objS1L7Nbe3tE5MZ953P7IzVc8JlNVFm2DZTVVfIHzvc/Pwt+g0k+zGwfgF13czs0awCSpGEf2d/E775Hsj7Iz520W37s7pwUYBAxyWsZCLW6Mb9EfHqtgUyamolRBC1jQxjQ1rRYBosAOQAVaIpBERAREQEREBERAREQEREBERAREQEREBERAREQart7s72bV3dJTNY8/tIfmH35nBk4/eBXO9t9iU7Lmiqg8H9nPeNxHLvGAh3kWhduRBx/cTssnZd1eWtF8mxuxucORdazR5XPkutUdIyJgjjaGNboGiw/56q8iAiIgIiICIiAiIgIiICIiAiIgIiICIiAiIgIiICIiAiIgIiICIiAiIgIiICIiAiIgIiIP/9k=', '2025-12-16 07:59:01', 302, 2, 7);

-- --------------------------------------------------------

--
-- Table structure for table `Tag`
--

CREATE TABLE `Tag` (
  `tag_id` int(11) NOT NULL,
  `tag_name` varchar(50) NOT NULL
) ENGINE=InnoDB DEFAULT CHARSET=utf8mb4 COLLATE=utf8mb4_general_ci;

--
-- Dumping data for table `Tag`
--

INSERT INTO `Tag` (`tag_id`, `tag_name`) VALUES
(2, 'Best Rated'),
(5, 'Gaming'),
(1, 'New'),
(6, 'Sale');

--
-- Indexes for dumped tables
--

--
-- Indexes for table `Address`
--
ALTER TABLE `Address`
  ADD PRIMARY KEY (`address_id`),
  ADD KEY `FK_Address_Client` (`client_id`);

--
-- Indexes for table `Article_Commande`
--
ALTER TABLE `Article_Commande`
  ADD PRIMARY KEY (`order_id`,`product_id`),
  ADD KEY `FK_Article_Commande_Product` (`product_id`);

--
-- Indexes for table `Article_Panier`
--
ALTER TABLE `Article_Panier`
  ADD PRIMARY KEY (`client_id`,`product_id`),
  ADD KEY `FK_Article_Panier_Product` (`product_id`);

--
-- Indexes for table `Article_Souhaits`
--
ALTER TABLE `Article_Souhaits`
  ADD PRIMARY KEY (`client_id`,`product_id`),
  ADD KEY `product_id` (`product_id`);

--
-- Indexes for table `Avis`
--
ALTER TABLE `Avis`
  ADD PRIMARY KEY (`review_id`),
  ADD KEY `FK_Avis_Product` (`product_id`),
  ADD KEY `FK_Avis_Client` (`client_id`);

--
-- Indexes for table `Categorie`
--
ALTER TABLE `Categorie`
  ADD PRIMARY KEY (`category_id`),
  ADD UNIQUE KEY `cat_name` (`cat_name`);

--
-- Indexes for table `CLIENT`
--
ALTER TABLE `CLIENT`
  ADD PRIMARY KEY (`client_id`),
  ADD UNIQUE KEY `cl_username` (`cl_username`),
  ADD UNIQUE KEY `cl_email` (`cl_email`),
  ADD KEY `FK_Client_Default_Address` (`default_address_id`);

--
-- Indexes for table `Commande`
--
ALTER TABLE `Commande`
  ADD PRIMARY KEY (`order_id`),
  ADD KEY `FK_Commande_Client` (`client_id`),
  ADD KEY `FK_Commande_Address` (`address_id`);

--
-- Indexes for table `Fabricant`
--
ALTER TABLE `Fabricant`
  ADD PRIMARY KEY (`manufacturer_id`),
  ADD UNIQUE KEY `fab_name` (`fab_name`);

--
-- Indexes for table `Historique_De_Recherche`
--
ALTER TABLE `Historique_De_Recherche`
  ADD PRIMARY KEY (`search_id`),
  ADD KEY `FK_Historique_De_Recherche_Client` (`client_id`),
  ADD KEY `FK_Historique_De_Recherche_Category` (`tag_id`),
  ADD KEY `FK_Historique_De_Recherche_Tag` (`category_id`);

--
-- Indexes for table `Offre`
--
ALTER TABLE `Offre`
  ADD PRIMARY KEY (`deal_id`),
  ADD KEY `FK_Offre` (`product_id`);

--
-- Indexes for table `Produit`
--
ALTER TABLE `Produit`
  ADD PRIMARY KEY (`product_id`),
  ADD KEY `FK_Produit_Category` (`category_id`),
  ADD KEY `FK_Produit_Manufacturer` (`manufacturer_id`);

--
-- Indexes for table `Tag`
--
ALTER TABLE `Tag`
  ADD PRIMARY KEY (`tag_id`),
  ADD UNIQUE KEY `tag_name` (`tag_name`);

--
-- AUTO_INCREMENT for dumped tables
--

--
-- AUTO_INCREMENT for table `Address`
--
ALTER TABLE `Address`
  MODIFY `address_id` int(11) NOT NULL AUTO_INCREMENT;

--
-- AUTO_INCREMENT for table `Avis`
--
ALTER TABLE `Avis`
  MODIFY `review_id` int(11) NOT NULL AUTO_INCREMENT;

--
-- AUTO_INCREMENT for table `Categorie`
--
ALTER TABLE `Categorie`
  MODIFY `category_id` int(11) NOT NULL AUTO_INCREMENT, AUTO_INCREMENT=16;

--
-- AUTO_INCREMENT for table `CLIENT`
--
ALTER TABLE `CLIENT`
  MODIFY `client_id` int(11) NOT NULL AUTO_INCREMENT, AUTO_INCREMENT=6;

--
-- AUTO_INCREMENT for table `Commande`
--
ALTER TABLE `Commande`
  MODIFY `order_id` int(11) NOT NULL AUTO_INCREMENT;

--
-- AUTO_INCREMENT for table `Fabricant`
--
ALTER TABLE `Fabricant`
  MODIFY `manufacturer_id` int(11) NOT NULL AUTO_INCREMENT, AUTO_INCREMENT=508;

--
-- AUTO_INCREMENT for table `Historique_De_Recherche`
--
ALTER TABLE `Historique_De_Recherche`
  MODIFY `search_id` int(11) NOT NULL AUTO_INCREMENT;

--
-- AUTO_INCREMENT for table `Offre`
--
ALTER TABLE `Offre`
  MODIFY `deal_id` int(11) NOT NULL AUTO_INCREMENT;

--
-- AUTO_INCREMENT for table `Produit`
--
ALTER TABLE `Produit`
  MODIFY `product_id` int(11) NOT NULL AUTO_INCREMENT;

--
-- AUTO_INCREMENT for table `Tag`
--
ALTER TABLE `Tag`
  MODIFY `tag_id` int(11) NOT NULL AUTO_INCREMENT, AUTO_INCREMENT=7;

--
-- Constraints for dumped tables
--

--
-- Constraints for table `Address`
--
ALTER TABLE `Address`
  ADD CONSTRAINT `FK_Address_Client` FOREIGN KEY (`client_id`) REFERENCES `CLIENT` (`client_id`);

--
-- Constraints for table `Article_Commande`
--
ALTER TABLE `Article_Commande`
  ADD CONSTRAINT `FK_Article_Commande_Commande` FOREIGN KEY (`order_id`) REFERENCES `Commande` (`order_id`),
  ADD CONSTRAINT `FK_Article_Commande_Product` FOREIGN KEY (`product_id`) REFERENCES `Produit` (`product_id`);

--
-- Constraints for table `Article_Panier`
--
ALTER TABLE `Article_Panier`
  ADD CONSTRAINT `FK_ARTICLE_PANIER_CLIENT` FOREIGN KEY (`client_id`) REFERENCES `CLIENT` (`client_id`),
  ADD CONSTRAINT `FK_Article_Panier_Product` FOREIGN KEY (`product_id`) REFERENCES `Produit` (`product_id`);

--
-- Constraints for table `Article_Souhaits`
--
ALTER TABLE `Article_Souhaits`
  ADD CONSTRAINT `FK_ArticleSouhaits_client_ID` FOREIGN KEY (`client_id`) REFERENCES `CLIENT` (`client_id`),
  ADD CONSTRAINT `FK_Article_Souhaits_Product` FOREIGN KEY (`product_id`) REFERENCES `Produit` (`product_id`);

--
-- Constraints for table `Avis`
--
ALTER TABLE `Avis`
  ADD CONSTRAINT `FK_Avis_Client` FOREIGN KEY (`client_id`) REFERENCES `CLIENT` (`client_id`),
  ADD CONSTRAINT `FK_Avis_Product` FOREIGN KEY (`product_id`) REFERENCES `Produit` (`product_id`);

--
-- Constraints for table `CLIENT`
--
ALTER TABLE `CLIENT`
  ADD CONSTRAINT `FK_Client_Default_Address` FOREIGN KEY (`default_address_id`) REFERENCES `Address` (`address_id`);

--
-- Constraints for table `Commande`
--
ALTER TABLE `Commande`
  ADD CONSTRAINT `FK_Commande_Address` FOREIGN KEY (`address_id`) REFERENCES `Address` (`address_id`),
  ADD CONSTRAINT `FK_Commande_Client` FOREIGN KEY (`client_id`) REFERENCES `Client` (`client_id`);

--
-- Constraints for table `Historique_De_Recherche`
--
ALTER TABLE `Historique_De_Recherche`
  ADD CONSTRAINT `FK_Historique_De_Recherche_Category` FOREIGN KEY (`tag_id`) REFERENCES `Tag` (`tag_id`),
  ADD CONSTRAINT `FK_Historique_De_Recherche_Client` FOREIGN KEY (`client_id`) REFERENCES `Client` (`client_id`),
  ADD CONSTRAINT `FK_Historique_De_Recherche_Tag` FOREIGN KEY (`category_id`) REFERENCES `Categorie` (`category_id`);

--
-- Constraints for table `Offre`
--
ALTER TABLE `Offre`
  ADD CONSTRAINT `FK_Offre` FOREIGN KEY (`product_id`) REFERENCES `Produit` (`product_id`) ON DELETE CASCADE;

--
-- Constraints for table `Produit`
--
ALTER TABLE `Produit`
  ADD CONSTRAINT `FK_Produit_Category` FOREIGN KEY (`category_id`) REFERENCES `Categorie` (`category_id`),
  ADD CONSTRAINT `FK_Produit_Manufacturer` FOREIGN KEY (`manufacturer_id`) REFERENCES `Fabricant` (`manufacturer_id`) ON DELETE CASCADE;
COMMIT;

/*!40101 SET CHARACTER_SET_CLIENT=@OLD_CHARACTER_SET_CLIENT */;
/*!40101 SET CHARACTER_SET_RESULTS=@OLD_CHARACTER_SET_RESULTS */;
/*!40101 SET COLLATION_CONNECTION=@OLD_COLLATION_CONNECTION */;
